corridor,route,pk,lat,lon,speed_kmh,source
a406,A406,0.00000,46.278108,4.799217,111,trace
a406,A406,0.01315,46.277316,4.803614,110,trace
a406,A406,0.05033,46.277214,4.804246,110,trace
a406,A406,0.10030,46.277111,4.804879,110,trace
a406,A406,0.15027,46.277009,4.805512,110,trace
a406,A406,0.20023,46.276909,4.806145,110,trace
a406,A406,0.25020,46.276808,4.806779,110,trace
a406,A406,0.30017,46.276706,4.807411,110,trace
a406,A406,0.35014,46.276604,4.808044,110,trace
a406,A406,0.40010,46.276504,4.808678,110,trace
a406,A406,0.45007,46.276402,4.809311,110,trace
a406,A406,0.50007,46.276294,4.809941,110,trace
a406,A406,0.55009,46.276178,4.810569,110,trace
a406,A406,0.60011,46.276051,4.811192,110,trace
a406,A406,0.65011,46.275914,4.811811,110,trace
a406,A406,0.70006,46.275768,4.812426,110,trace
a406,A406,0.74992,46.275611,4.813035,110,trace
a406,A406,0.79964,46.275441,4.813636,110,trace
a406,A406,0.84930,46.275260,4.814231,111,trace
a406,A406,0.89909,46.275067,4.814817,111,trace
a406,A406,0.94901,46.274863,4.815396,110,trace
a406,A406,0.99888,46.274648,4.815967,110,trace
a406,A406,1.04864,46.274422,4.816528,110,trace
a406,A406,1.09835,46.274192,4.817086,110,trace
a406,A406,1.14804,46.273961,4.817643,110,trace
a406,A406,1.19773,46.273729,4.818200,110,trace
a406,A406,1.24740,46.273496,4.818755,110,trace
a406,A406,1.29712,46.273267,4.819315,110,trace
a406,A406,1.34698,46.273051,4.819885,110,trace
a406,A406,1.39689,46.272843,4.820460,110,trace
a406,A406,1.44683,46.272643,4.821042,110,trace
a406,A406,1.49678,46.272452,4.821630,110,trace
a406,A406,1.54672,46.272274,4.822227,111,trace
a406,A406,1.59660,46.272107,4.822830,111,trace
a406,A406,1.64640,46.271950,4.823438,111,trace
a406,A406,1.69608,46.271803,4.824052,111,trace
a406,A406,1.74560,46.271667,4.824672,111,trace
a406,A406,1.79493,46.271544,4.825297,111,trace
a406,A406,1.84400,46.271433,4.825926,111,trace
a406,A406,1.89238,46.271334,4.826560,110,trace
a406,A406,1.94090,46.271243,4.827196,110,trace
a406,A406,1.98973,46.271164,4.827836,110,trace
a406,A406,2.03886,46.271097,4.828478,110,trace
a406,A406,2.08818,46.271041,4.829123,111,trace
a406,A406,2.13780,46.271003,4.829770,110,trace
a406,A406,2.18754,46.270975,4.830419,110,trace
a406,A406,2.23738,46.270956,4.831068,110,trace
a406,A406,2.28729,46.270947,4.831718,110,trace
a406,A406,2.33727,46.270952,4.832367,110,trace
a406,A406,2.38728,46.270969,4.833017,110,trace
a406,A406,2.43727,46.270998,4.833665,110,trace
a406,A406,2.48721,46.271038,4.834312,110,trace
a406,A406,2.53707,46.271089,4.834957,110,trace
a406,A406,2.58682,46.271152,4.835601,110,trace
a406,A406,2.63641,46.271227,4.836241,111,trace
a406,A406,2.68581,46.271314,4.836879,110,trace
a406,A406,2.73498,46.271413,4.837512,110,trace
a406,A406,2.78390,46.271523,4.838142,110,trace
a406,A406,2.83246,46.271645,4.838768,110,trace
a406,A406,2.88071,46.271779,4.839388,110,trace
a406,A406,2.93035,46.271927,4.840002,110,trace
a406,A406,2.98014,46.272086,4.840609,110,trace
a406,A406,3.03002,46.272255,4.841211,110,trace
a406,A406,3.07997,46.272432,4.841808,110,trace
a406,A406,3.12997,46.272619,4.842399,110,trace
a406,A406,3.18000,46.272815,4.842983,110,trace
a406,A406,3.23002,46.273019,4.843563,111,trace
a406,A406,3.28003,46.273230,4.844136,111,trace
a406,A406,3.33002,46.273444,4.844708,111,trace
a406,A406,3.38002,46.273658,4.845279,110,trace
a406,A406,3.43001,46.273872,4.845850,110,trace
a406,A406,3.48000,46.274087,4.846421,110,trace
a406,A406,3.53000,46.274301,4.846992,110,trace
a406,A406,3.58000,46.274514,4.847564,110,trace
a406,A406,3.63000,46.274726,4.848137,110,trace
a406,A406,3.68000,46.274940,4.848708,110,trace
a406,A406,3.73000,46.275152,4.849281,110,trace
a406,A406,3.78001,46.275364,4.849854,110,trace
a406,A406,3.82995,46.275577,4.850426,110,trace
a406,A406,3.87987,46.275791,4.850998,110,trace
a406,A406,3.92978,46.276005,4.851569,110,trace
a406,A406,3.97969,46.276220,4.852139,110,trace
a406,A406,4.02961,46.276437,4.852709,110,trace
a406,A406,4.07953,46.276652,4.853279,110,trace
a406,A406,4.12943,46.276865,4.853851,110,trace
a406,A406,4.17933,46.277078,4.854424,110,trace
a406,A406,4.22923,46.277290,4.854996,110,trace
a406,A406,4.27915,46.277505,4.855566,110,trace
a406,A406,4.32908,46.277724,4.856134,110,trace
a406,A406,4.37903,46.277946,4.856699,110,trace
a406,A406,4.42899,46.278172,4.857260,110,trace
a406,A406,4.47896,46.278404,4.857817,111,trace
a406,A406,4.52892,46.278643,4.858368,111,trace
a406,A406,4.57887,46.278887,4.858913,111,trace
a406,A406,4.62878,46.279138,4.859452,111,trace
a406,A406,4.67865,46.279395,4.859985,111,trace
a406,A406,4.72847,46.279657,4.860512,111,trace
a406,A406,4.77822,46.279925,4.861033,111,trace
a406,A406,4.82786,46.280201,4.861547,111,trace
a406,A406,4.87756,46.280483,4.862052,111,trace
a406,A406,4.92746,46.280772,4.862550,111,trace
a406,A406,4.97745,46.281064,4.863043,111,trace
a406,A406,5.02743,46.281361,4.863532,110,trace
a406,A406,5.07738,46.281662,4.864014,110,trace
a406,A406,5.12730,46.281968,4.864489,113,trace
a406,A406,5.17720,46.282275,4.864963,116,trace
a406,A406,5.22710,46.282582,4.865438,118,trace
a406,A406,5.27701,46.282889,4.865912,119,trace
a406,A406,5.32690,46.283198,4.866384,121,trace
a406,A406,5.37682,46.283504,4.866860,122,trace
a406,A406,5.42676,46.283806,4.867341,123,trace
a406,A406,5.47673,46.284104,4.867828,124,trace
a406,A406,5.52674,46.284392,4.868326,125,trace
a406,A406,5.57673,46.284671,4.868836,125,trace
a406,A406,5.62668,46.284941,4.869354,125,trace
a406,A406,5.67655,46.285201,4.869884,125,trace
a406,A406,5.72630,46.285450,4.870425,125,trace
a406,A406,5.77594,46.285692,4.870972,125,trace
a406,A406,5.82550,46.285927,4.871527,125,trace
a406,A406,5.87513,46.286148,4.872093,125,trace
a406,A406,5.92473,46.286360,4.872665,125,trace
a406,A406,5.97439,46.286564,4.873244,125,trace
a406,A406,6.02417,46.286760,4.873829,125,trace
a406,A406,6.07410,46.286941,4.874424,125,trace
a406,A406,6.12407,46.287112,4.875025,125,trace
a406,A406,6.17408,46.287274,4.875631,124,trace
a406,A406,6.22409,46.287425,4.876243,125,trace
a406,A406,6.27407,46.287565,4.876861,125,trace
a406,A406,6.32401,46.287697,4.877482,125,trace
a406,A406,6.37389,46.287821,4.878107,125,trace
a406,A406,6.42373,46.287940,4.878734,125,trace
a406,A406,6.47357,46.288059,4.879360,125,trace
a406,A406,6.52341,46.288179,4.879986,125,trace
a406,A406,6.57328,46.288301,4.880612,125,trace
a406,A406,6.62321,46.288431,4.881234,125,trace
a406,A406,6.67318,46.288570,4.881852,125,trace
a406,A406,6.72319,46.288718,4.882466,125,trace
a406,A406,6.77321,46.288874,4.883075,125,trace
a406,A406,6.82296,46.289048,4.883675,125,trace
a406,A406,6.87253,46.289231,4.884268,125,trace
a406,A406,6.92191,46.289422,4.884856,124,trace
a406,A406,6.97157,46.289631,4.885432,125,trace
a406,A406,7.02133,46.289847,4.886002,125,trace
a406,A406,7.07117,46.290071,4.886565,125,trace
a406,A406,7.12111,46.290309,4.887116,125,trace
a406,A406,7.17107,46.290560,4.887655,125,trace
a406,A406,7.22103,46.290818,4.888187,124,trace
a406,A406,7.27096,46.291083,4.888712,121,trace
a406,A406,7.32080,46.291360,4.889224,117,trace
a406,A406,7.37056,46.291644,4.889727,113,trace
a406,A406,7.42029,46.291930,4.890228,109,trace
a406,A406,7.47000,46.292217,4.890728,105,trace
a406,A406,7.51974,46.292504,4.891229,102,trace
a406,A406,7.56948,46.292789,4.891730,99,trace
a406,A406,7.61926,46.293071,4.892236,95,trace
a406,A406,7.66918,46.293339,4.892758,91,trace
a406,A406,7.71915,46.293589,4.893298,88,trace
a406,A406,7.76908,46.293829,4.893848,84,trace
a406,A406,7.81897,46.294058,4.894406,81,trace
a406,A406,7.86673,46.294276,4.894975,78,trace
a406,A406,7.87634,46.294320,4.895088,77,trace
a406,A406,7.88597,46.294363,4.895202,76,trace
a406,A406,7.89561,46.294406,4.895316,75,trace
a406,A406,7.90525,46.294449,4.895430,74,trace
a406,A406,7.91489,46.294492,4.895545,73,trace
a406,A406,7.92452,46.294535,4.895659,72,trace
a406,A406,7.93416,46.294578,4.895773,70,trace
a406,A406,7.94378,46.294621,4.895887,70,trace
a406,A406,7.95341,46.294665,4.896001,69,trace
a406,A406,7.96307,46.294707,4.896115,66,trace
a406,A406,7.97273,46.294749,4.896230,62,trace
a406,A406,7.98238,46.294792,4.896345,58,trace
a406,A406,7.99203,46.294834,4.896459,55,trace
a406,A406,8.00168,46.294877,4.896574,54,trace
a406,A406,8.01132,46.294920,4.896688,53,trace
a406,A406,8.02096,46.294963,4.896802,52,trace
a406,A406,8.03059,46.295006,4.896916,49,trace
a406,A406,8.04022,46.295049,4.897030,44,trace
a406,A406,8.04986,46.295092,4.897144,38,trace
a406,A406,8.05952,46.295134,4.897259,32,trace
a406,A406,8.06917,46.295177,4.897374,27,trace
a406,A406,8.07882,46.295219,4.897488,24,trace
a406,A406,8.08847,46.295262,4.897602,20,trace
a406,A406,8.09809,46.295306,4.897716,10,trace
a406,A406,8.10769,46.295350,4.897830,6,trace
a406,A406,8.11736,46.295392,4.897944,21,trace
a406,A406,8.12711,46.295431,4.898061,36,trace
a406,A406,8.13689,46.295469,4.898179,39,trace
a406,A406,8.14653,46.295512,4.898293,40,trace
a406,A406,8.15615,46.295555,4.898407,41,trace
a406,A406,8.16574,46.295600,4.898520,40,trace
a406,A406,8.17529,46.295645,4.898632,41,trace
a406,A406,8.18490,46.295689,4.898746,43,trace
a406,A406,8.19447,46.295734,4.898859,46,trace
a406,A406,8.20412,46.295776,4.898973,47,trace
a406,A406,8.21379,46.295818,4.899088,48,trace
a406,A406,8.22345,46.295861,4.899203,50,trace
a406,A406,8.23306,46.295904,4.899316,50,trace
a406,A406,8.24270,46.295947,4.899430,51,trace
a406,A406,8.25236,46.295989,4.899545,52,trace
a406,A406,8.26207,46.296030,4.899661,54,trace
a406,A406,8.27174,46.296072,4.899776,54,trace
a406,A406,8.28139,46.296115,4.899890,55,trace
a406,A406,8.29104,46.296157,4.900005,57,trace
a406,A406,8.30067,46.296201,4.900119,59,trace
a406,A406,8.31029,46.296244,4.900233,61,trace
a406,A406,8.31996,46.296286,4.900348,63,trace
a406,A406,8.32964,46.296328,4.900463,64,trace
a406,A406,8.33935,46.296368,4.900579,65,trace
a406,A406,8.34905,46.296409,4.900694,65,trace
a406,A406,8.35873,46.296451,4.900809,67,trace
a406,A406,8.36845,46.296491,4.900926,67,trace
a406,A406,8.37821,46.296530,4.901043,68,trace
a406,A406,8.38801,46.296568,4.901161,69,trace
a406,A406,8.39783,46.296604,4.901280,70,trace
a406,A406,8.40769,46.296639,4.901400,70,trace
a406,A406,8.41757,46.296673,4.901520,70,trace
a406,A406,8.42750,46.296703,4.901642,70,trace
a406,A406,8.43744,46.296733,4.901765,70,trace
a406,A406,8.44742,46.296758,4.901890,70,trace
a406,A406,8.45742,46.296782,4.902015,69,trace
a406,A406,8.46742,46.296802,4.902142,69,trace
a406,A406,8.47742,46.296821,4.902269,69,trace
a406,A406,8.48722,46.296823,4.902399,69,trace
a406,A406,8.49702,46.296826,4.902529,69,trace
a406,A406,8.50691,46.296833,4.902659,68,trace
a406,A406,8.51680,46.296840,4.902788,68,trace
a406,A406,8.52664,46.296844,4.902918,68,trace
a406,A406,8.53643,46.296847,4.903048,68,trace
a406,A406,8.54607,46.296843,4.903178,69,trace
a406,A406,8.55568,46.296838,4.903308,69,trace
a406,A406,8.56520,46.296831,4.903437,70,trace
a406,A406,8.57468,46.296822,4.903567,70,trace
a406,A406,8.58408,46.296811,4.903696,70,trace
a406,A406,8.59338,46.296798,4.903824,70,trace
a406,A406,8.60253,46.296781,4.903952,70,trace
a406,A406,8.61159,46.296763,4.904079,70,trace
a406,A406,8.62053,46.296742,4.904206,70,trace
a406,A406,8.62932,46.296718,4.904331,70,trace
a406,A406,8.63796,46.296691,4.904455,71,trace
a406,A406,8.64642,46.296662,4.904578,71,trace
a406,A406,8.65472,46.296630,4.904699,72,trace
a406,A406,8.66281,46.296595,4.904819,72,trace
a406,A406,8.67072,46.296557,4.904937,72,trace
a406,A406,8.67849,46.296518,4.905054,72,trace
a406,A406,8.68612,46.296477,4.905170,73,trace
a406,A406,8.69357,46.296434,4.905284,75,trace
a406,A406,8.70080,46.296388,4.905396,77,trace
a406,A406,8.70791,46.296341,4.905506,78,trace
a406,A406,8.71482,46.296292,4.905615,79,trace
a406,A406,8.72148,46.296242,4.905723,80,trace
a406,A406,8.74824,46.295990,4.906261,88,trace
a406,A406,8.76000,46.295742,4.906803,97,trace
a40,A40,0.00000,46.338192,4.854984,,pr
a40,A40,1.00200,46.335854,4.867576,,pr
a40,A40,2.00700,46.330747,4.878351,,pr
a40,A40,2.99400,46.323034,4.884691,,pr
a40,A40,3.98900,46.314881,4.890006,,pr
a40,A40,4.99100,46.306678,4.895359,,pr
a40,A40,5.97400,46.299016,4.901720,,pr
a40,A40,6.03637,46.295859,4.899198,50,trace
a40,A40,6.04030,46.295903,4.899312,50,trace
a40,A40,6.04430,46.295946,4.899426,51,trace
a40,A40,6.04837,46.295988,4.899541,52,trace
a40,A40,6.05263,46.296029,4.899657,54,trace
a40,A40,6.05674,46.296071,4.899771,54,trace
a40,A40,6.06079,46.296113,4.899886,55,trace
a40,A40,6.06484,46.296156,4.900000,57,trace
a40,A40,6.06882,46.296199,4.900114,59,trace
a40,A40,6.07275,46.296242,4.900228,61,trace
a40,A40,6.07688,46.296284,4.900343,63,trace
a40,A40,6.08103,46.296326,4.900458,64,trace
a40,A40,6.08530,46.296367,4.900574,65,trace
a40,A40,6.08951,46.296408,4.900690,65,trace
a40,A40,6.09365,46.296450,4.900805,67,trace
a40,A40,6.09796,46.296490,4.900921,67,trace
a40,A40,6.10242,46.296529,4.901038,68,trace
a40,A40,6.10705,46.296566,4.901157,69,trace
a40,A40,6.11177,46.296603,4.901275,70,trace
a40,A40,6.11668,46.296637,4.901395,70,trace
a40,A40,6.12166,46.296671,4.901515,70,trace
a40,A40,6.12699,46.296702,4.901638,70,trace
a40,A40,6.13241,46.296732,4.901760,70,trace
a40,A40,6.13827,46.296757,4.901885,70,trace
a40,A40,6.14423,46.296781,4.902010,69,trace
a40,A40,6.15059,46.296801,4.902137,69,trace
a40,A40,6.15702,46.296820,4.902264,69,trace
a40,A40,6.16466,46.296823,4.902394,69,trace
a40,A40,6.17240,46.296826,4.902524,69,trace
a40,A40,6.17978,46.296833,4.902654,68,trace
a40,A40,6.18716,46.296840,4.902783,68,trace
a40,A40,6.19478,46.296844,4.902913,68,trace
a40,A40,6.20247,46.296847,4.903043,68,trace
a40,A40,6.21063,46.296843,4.903173,69,trace
a40,A40,6.21883,46.296838,4.903303,69,trace
a40,A40,6.22721,46.296831,4.903432,70,trace
a40,A40,6.23564,46.296822,4.903562,70,trace
a40,A40,6.24422,46.296812,4.903691,70,trace
a40,A40,6.25291,46.296799,4.903819,70,trace
a40,A40,6.26182,46.296782,4.903947,70,trace
a40,A40,6.27081,46.296763,4.904074,70,trace
a40,A40,6.27992,46.296742,4.904201,70,trace
a40,A40,6.28914,46.296719,4.904326,70,trace
a40,A40,6.29850,46.296692,4.904450,71,trace
a40,A40,6.30795,46.296663,4.904573,71,trace
a40,A40,6.31752,46.296631,4.904695,72,trace
a40,A40,6.32717,46.296596,4.904815,72,trace
a40,A40,6.33690,46.296559,4.904933,72,trace
a40,A40,6.34668,46.296520,4.905050,72,trace
a40,A40,6.35651,46.296479,4.905165,73,trace
a40,A40,6.36637,46.296436,4.905279,75,trace
a40,A40,6.37629,46.296390,4.905391,77,trace
a40,A40,6.38623,46.296343,4.905502,78,trace
a40,A40,6.39619,46.296294,4.905611,79,trace
a40,A40,6.40616,46.296244,4.905719,80,trace
a40,A40,6.45605,46.295992,4.906257,88,trace
a40,A40,6.50590,46.295743,4.906799,97,trace
a40,A40,6.55575,46.295494,4.907339,103,trace
a40,A40,6.60565,46.295240,4.907875,107,trace
a40,A40,6.65555,46.294986,4.908411,111,trace
a40,A40,6.70543,46.294735,4.908950,115,trace
a40,A40,6.75526,46.294488,4.909494,118,trace
a40,A40,6.80507,46.294244,4.910039,122,trace
a40,A40,6.85486,46.294001,4.910586,124,trace
a40,A40,6.90460,46.293762,4.911136,125,trace
a40,A40,6.95317,46.293526,4.911689,126,trace
a40,A40,7.00209,46.293292,4.912244,128,trace
a40,A40,7.05197,46.293059,4.912800,129,trace
a40,A40,7.10186,46.292828,4.913357,129,trace
a40,A40,7.15178,46.292600,4.913917,129,trace
a40,A40,7.20172,46.292376,4.914480,129,trace
a40,A40,7.25167,46.292152,4.915044,129,trace
a40,A40,7.30163,46.291932,4.915611,129,trace
a40,A40,7.35161,46.291713,4.916179,129,trace
a40,A40,7.40159,46.291499,4.916750,130,trace
a40,A40,7.45158,46.291286,4.917323,130,trace
a40,A40,7.50158,46.291076,4.917897,130,trace
a40,A40,7.55158,46.290868,4.918473,130,trace
a40,A40,7.60157,46.290669,4.919056,130,trace
a40,A40,7.65157,46.290469,4.919638,130,trace
a40,A40,7.70156,46.290269,4.920220,130,trace
a40,A40,7.75151,46.290081,4.920810,130,trace
a40,A40,7.80143,46.289898,4.921404,130,trace
a40,A40,7.85133,46.289719,4.922000,130,trace
a40,A40,7.90112,46.289551,4.922602,130,trace
a40,A40,7.94933,46.289388,4.923208,130,trace
a40,A40,7.99746,46.289230,4.923817,130,trace
a40,A40,8.04711,46.289080,4.924429,130,trace
a40,A40,8.09687,46.288938,4.925046,130,trace
a40,A40,8.14669,46.288801,4.925665,130,trace
a40,A40,8.19656,46.288669,4.926286,130,trace
a40,A40,8.24652,46.288549,4.926913,130,trace
a40,A40,8.29652,46.288435,4.927541,130,trace
a40,A40,8.34653,46.288324,4.928171,129,trace
a40,A40,8.39656,46.288223,4.928804,130,trace
a40,A40,8.44660,46.288130,4.929440,130,trace
a40,A40,8.49662,46.288044,4.930078,130,trace
a40,A40,8.54663,46.287962,4.930717,130,trace
a40,A40,8.59663,46.287885,4.931357,130,trace
a40,A40,8.64658,46.287813,4.931999,130,trace
a40,A40,8.69649,46.287749,4.932642,130,trace
a40,A40,8.74641,46.287682,4.933285,130,trace
a40,A40,8.79633,46.287617,4.933928,130,trace
a40,A40,8.84624,46.287552,4.934571,130,trace
a40,A40,8.89614,46.287489,4.935215,130,trace
a40,A40,8.94647,46.287418,4.935856,130,trace
a40,A40,8.99694,46.287342,4.936497,130,trace
a40,A40,9.04646,46.287262,4.937137,130,trace
a40,A40,9.09606,46.287178,4.937775,130,trace
a40,A40,9.14573,46.287088,4.938412,130,trace
a40,A40,9.19548,46.286990,4.939046,130,trace
a40,A40,9.24532,46.286883,4.939678,130,trace
a40,A40,9.29519,46.286772,4.940307,130,trace
a40,A40,9.34509,46.286655,4.940935,130,trace
a40,A40,9.39504,46.286527,4.941558,129,trace
a40,A40,9.44499,46.286392,4.942178,129,trace
a40,A40,9.49494,46.286250,4.942794,130,trace
a40,A40,9.54488,46.286100,4.943407,130,trace
a40,A40,9.59479,46.285946,4.944017,130,trace
a40,A40,9.64468,46.285787,4.944625,130,trace
a40,A40,9.69451,46.285621,4.945229,130,trace
a40,A40,9.74430,46.285450,4.945830,129,trace
a40,A40,9.79407,46.285277,4.946430,129,trace
a40,A40,9.84382,46.285102,4.947028,129,trace
a40,A40,9.89354,46.284924,4.947625,129,trace
a40,A40,9.94319,46.284746,4.948222,129,trace
a40,A40,9.99275,46.284568,4.948819,129,trace
a40,A40,10.04253,46.284396,4.949419,129,trace
a40,A40,10.09234,46.284226,4.950020,129,trace
a40,A40,10.14218,46.284059,4.950624,129,trace
a40,A40,10.19209,46.283898,4.951231,129,trace
a40,A40,10.24204,46.283744,4.951841,129,trace
a40,A40,10.29203,46.283594,4.952454,129,trace
a40,A40,10.34204,46.283449,4.953069,130,trace
a40,A40,10.39208,46.283314,4.953689,129,trace
a40,A40,10.42250,46.283234,4.954066,129,trace
a40,A40,10.96300,46.282199,4.960944,,pr
a40,A40,11.95800,46.280451,4.973641,,pr
a40,A40,12.94800,46.278472,4.986177,,pr
a40,A40,13.08326,46.278038,4.987822,130,trace
a40,A40,13.13326,46.277912,4.988446,130,trace
a40,A40,13.18326,46.277787,4.989070,130,trace
a40,A40,13.23325,46.277661,4.989694,130,trace
a40,A40,13.28325,46.277532,4.990317,129,trace
a40,A40,13.33326,46.277402,4.990939,129,trace
a40,A40,13.38326,46.277270,4.991560,129,trace
a40,A40,13.43327,46.277136,4.992180,129,trace
a40,A40,13.48327,46.277003,4.992801,129,trace
a40,A40,13.53328,46.276867,4.993420,129,trace
a40,A40,13.58328,46.276729,4.994039,129,trace
a40,A40,13.63328,46.276590,4.994656,129,trace
a40,A40,13.68328,46.276451,4.995274,129,trace
a40,A40,13.73328,46.276312,4.995892,130,trace
a40,A40,13.78328,46.276174,4.996511,129,trace
a40,A40,13.83328,46.276035,4.997128,129,trace
a40,A40,13.88328,46.275893,4.997745,130,trace
a40,A40,13.93327,46.275750,4.998361,129,trace
a40,A40,13.98326,46.275605,4.998976,130,trace
a40,A40,14.03325,46.275461,4.999592,130,trace
a40,A40,14.08324,46.275321,5.000209,130,trace
a40,A40,14.13322,46.275182,5.000827,130,trace
a40,A40,14.18321,46.275043,5.001445,130,trace
a40,A40,14.23320,46.274904,5.002063,130,trace
a40,A40,14.28319,46.274765,5.002681,130,trace
a40,A40,14.33318,46.274628,5.003300,130,trace
a40,A40,14.38318,46.274491,5.003919,130,trace
a40,A40,14.43317,46.274354,5.004537,130,trace
a40,A40,14.48316,46.274217,5.005156,130,trace
a40,A40,14.53315,46.274081,5.005776,130,trace
a40,A40,14.58314,46.273951,5.006398,130,trace
a40,A40,14.63312,46.273821,5.007020,130,trace
a40,A40,14.68311,46.273693,5.007642,130,trace
a40,A40,14.73309,46.273566,5.008266,130,trace
a40,A40,14.78307,46.273440,5.008890,130,trace
a40,A40,14.83305,46.273316,5.009514,130,trace
a40,A40,14.88301,46.273194,5.010140,130,trace
a40,A40,14.93249,46.273070,5.010764,130,trace
a40,A40,14.98225,46.272948,5.011389,130,trace
a40,A40,15.03219,46.272828,5.012016,130,trace
a40,A40,15.08213,46.272708,5.012642,129,trace
a40,A40,15.13206,46.272586,5.013267,129,trace
a40,A40,15.18200,46.272465,5.013893,130,trace
a40,A40,15.23194,46.272345,5.014519,130,trace
a40,A40,15.28190,46.272229,5.015147,130,trace
a40,A40,15.33187,46.272117,5.015776,130,trace
a40,A40,15.38186,46.272010,5.016407,129,trace
a40,A40,15.43186,46.271909,5.017040,129,trace
a40,A40,15.48186,46.271810,5.017674,129,trace
a40,A40,15.53186,46.271713,5.018309,130,trace
a40,A40,15.58186,46.271617,5.018943,130,trace
a40,A40,15.63185,46.271524,5.019579,130,trace
a40,A40,15.68184,46.271434,5.020215,130,trace
a40,A40,15.73181,46.271348,5.020853,130,trace
a40,A40,15.78176,46.271268,5.021493,129,trace
a40,A40,15.83170,46.271191,5.022133,129,trace
a40,A40,15.88163,46.271115,5.022773,129,trace
a40,A40,15.93043,46.271047,5.023415,130,trace
a40,A40,15.97966,46.270979,5.024058,130,trace
a40,A40,16.02955,46.270912,5.024700,130,trace
a40,A40,16.07947,46.270849,5.025344,130,trace
a40,A40,16.12940,46.270790,5.025988,130,trace
a40,A40,16.17936,46.270735,5.026633,129,trace
a40,A40,16.22932,46.270682,5.027278,129,trace
a40,A40,16.27930,46.270635,5.027924,129,trace
a40,A40,16.32928,46.270590,5.028571,129,trace
a40,A40,16.37927,46.270548,5.029217,129,trace
a40,A40,16.42926,46.270506,5.029864,129,trace
a40,A40,16.47924,46.270467,5.030512,129,trace
a40,A40,16.52923,46.270431,5.031159,130,trace
a40,A40,16.57920,46.270405,5.031808,130,trace
a40,A40,16.62917,46.270378,5.032457,130,trace
a40,A40,16.67914,46.270352,5.033105,130,trace
a40,A40,16.72906,46.270336,5.033755,130,trace
a40,A40,16.77899,46.270320,5.034404,130,trace
a40,A40,16.82891,46.270304,5.035053,130,trace
a40,A40,16.87881,46.270292,5.035703,130,trace
a40,A40,16.92812,46.270282,5.036352,130,trace
a40,A40,16.97756,46.270274,5.037002,130,trace
a40,A40,17.02755,46.270272,5.037652,130,trace
a40,A40,17.07753,46.270267,5.038302,130,trace
a40,A40,17.12751,46.270262,5.038951,130,trace
a40,A40,17.17750,46.270259,5.039601,130,trace
a40,A40,17.22749,46.270261,5.040251,130,trace
a40,A40,17.27747,46.270265,5.040901,130,trace
a40,A40,17.32746,46.270268,5.041550,130,trace
a40,A40,17.37745,46.270271,5.042200,130,trace
a40,A40,17.42744,46.270275,5.042850,130,trace
a40,A40,17.47742,46.270280,5.043500,130,trace
a40,A40,17.52741,46.270288,5.044149,130,trace
a40,A40,17.57739,46.270293,5.044799,130,trace
a40,A40,17.62738,46.270297,5.045449,130,trace
a40,A40,17.67737,46.270303,5.046098,130,trace
a40,A40,17.72735,46.270309,5.046748,130,trace
a40,A40,17.77734,46.270313,5.047398,130,trace
a40,A40,17.82733,46.270316,5.048048,130,trace
a40,A40,17.87732,46.270321,5.048697,130,trace
a40,A40,17.92699,46.270325,5.049347,130,trace
a40,A40,17.97656,46.270329,5.049997,130,trace
a40,A40,18.02651,46.270334,5.050647,129,trace
a40,A40,18.07646,46.270340,5.051296,129,trace
a40,A40,18.12642,46.270346,5.051946,129,trace
a40,A40,18.17637,46.270350,5.052596,129,trace
a40,A40,18.22634,46.270360,5.053245,129,trace
a40,A40,18.27631,46.270370,5.053895,129,trace
a40,A40,18.32629,46.270381,5.054544,129,trace
a40,A40,18.37628,46.270396,5.055194,130,trace
a40,A40,18.42628,46.270415,5.055843,130,trace
a40,A40,18.47629,46.270436,5.056492,130,trace
a40,A40,18.52630,46.270463,5.057141,130,trace
a40,A40,18.57630,46.270498,5.057788,130,trace
a40,A40,18.62630,46.270538,5.058436,130,trace
a40,A40,18.67628,46.270581,5.059082,130,trace
a40,A40,18.72625,46.270626,5.059729,130,trace
a40,A40,18.77619,46.270676,5.060375,130,trace
a40,A40,18.82610,46.270732,5.061019,130,trace
a40,A40,18.87597,46.270793,5.061663,130,trace
a40,A40,18.92593,46.270855,5.062307,130,trace
a40,A40,18.97596,46.270920,5.062950,130,trace
a40,A40,19.02558,46.270987,5.063592,130,trace
a40,A40,19.07518,46.271056,5.064234,130,trace
a40,A40,19.12476,46.271127,5.064876,130,trace
a40,A40,19.17433,46.271197,5.065518,130,trace
a40,A40,19.22396,46.271264,5.066160,130,trace
a40,A40,19.27363,46.271328,5.066803,130,trace
a40,A40,19.32336,46.271387,5.067447,130,trace
a40,A40,19.37322,46.271433,5.068094,129,trace
a40,A40,19.42313,46.271471,5.068741,129,trace
a40,A40,19.47311,46.271498,5.069390,129,trace
a40,A40,19.52311,46.271504,5.070039,129,trace
a40,A40,19.57307,46.271498,5.070689,129,trace
a40,A40,19.62298,46.271483,5.071338,130,trace
a40,A40,19.67279,46.271454,5.071987,129,trace
a40,A40,19.72245,46.271414,5.072634,129,trace
a40,A40,19.77197,46.271364,5.073279,129,trace
a40,A40,19.82126,46.271300,5.073923,129,trace
a40,A40,19.87024,46.271221,5.074562,130,trace
a40,A40,19.92040,46.271132,5.075199,130,trace
a40,A40,19.97277,46.271030,5.075832,130,trace
a40,A40,20.02243,46.270914,5.076459,129,trace
a40,A40,20.07199,46.270788,5.077083,129,trace
a40,A40,20.12170,46.270652,5.077702,130,trace
a40,A40,20.17159,46.270499,5.078313,130,trace
a40,A40,20.22153,46.270337,5.078919,130,trace
a40,A40,20.27152,46.270166,5.079520,130,trace
a40,A40,20.32152,46.269982,5.080112,130,trace
a40,A40,20.37150,46.269788,5.080699,130,trace
a40,A40,20.42146,46.269589,5.081281,130,trace
a40,A40,20.47138,46.269384,5.081859,130,trace
a40,A40,20.52127,46.269174,5.082433,130,trace
a40,A40,20.57114,46.268963,5.083007,130,trace
a40,A40,20.62101,46.268751,5.083580,130,trace
a40,A40,20.67088,46.268540,5.084153,130,trace
a40,A40,20.72076,46.268330,5.084728,130,trace
a40,A40,20.77066,46.268122,5.085304,130,trace
a40,A40,20.82059,46.267918,5.085883,130,trace
a40,A40,20.87055,46.267719,5.086465,130,trace
a40,A40,20.92010,46.267525,5.087051,130,trace
a40,A40,20.96762,46.267340,5.087643,129,trace
a40,A40,21.01616,46.267163,5.088240,129,trace
a40,A40,21.06518,46.266994,5.088842,129,trace
a40,A40,21.11445,46.266837,5.089451,129,trace
a40,A40,21.16401,46.266696,5.090067,129,trace
a40,A40,21.21369,46.266563,5.090688,129,trace
a40,A40,21.26346,46.266438,5.091312,129,trace
a40,A40,21.31335,46.266325,5.091941,129,trace
a40,A40,21.36329,46.266222,5.092573,129,trace
a40,A40,21.41327,46.266129,5.093209,129,trace
a40,A40,21.46325,46.266051,5.093848,129,trace
a40,A40,21.51320,46.265984,5.094491,129,trace
a40,A40,21.56310,46.265926,5.095135,129,trace
a40,A40,21.61290,46.265881,5.095781,130,trace
a40,A40,21.66250,46.265852,5.096430,130,trace
a40,A40,21.71198,46.265831,5.097079,130,trace
a40,A40,21.76132,46.265819,5.097728,130,trace
a40,A40,21.81050,46.265816,5.098378,130,trace
a40,A40,21.85956,46.265818,5.099027,130,trace
a40,A40,21.90848,46.265825,5.099677,130,trace
a40,A40,21.95665,46.265843,5.100326,130,trace
a40,A40,22.00590,46.265867,5.100975,130,trace
a40,A40,22.05581,46.265895,5.101624,130,trace
a40,A40,22.10575,46.265929,5.102271,130,trace
a40,A40,22.15571,46.265968,5.102919,130,trace
a40,A40,22.20568,46.266011,5.103565,130,trace
a40,A40,22.25566,46.266061,5.104211,130,trace
a40,A40,22.30564,46.266114,5.104856,130,trace
a40,A40,22.35562,46.266170,5.105501,130,trace
a40,A40,22.40560,46.266228,5.106145,130,trace
a40,A40,22.45556,46.266290,5.106788,129,trace
a40,A40,22.50553,46.266352,5.107432,129,trace
a40,A40,22.55550,46.266413,5.108076,129,trace
a40,A40,22.60547,46.266477,5.108719,129,trace
a40,A40,22.65543,46.266542,5.109362,129,trace
a40,A40,22.70539,46.266606,5.110005,129,trace
a40,A40,22.75535,46.266669,5.110648,129,trace
a40,A40,22.80532,46.266732,5.111291,129,trace
a40,A40,22.85537,46.266794,5.111935,129,trace
a40,A40,22.90558,46.266854,5.112579,130,trace
a40,A40,22.95552,46.266911,5.113223,130,trace
a40,A40,23.00545,46.266968,5.113868,130,trace
a40,A40,23.05539,46.267024,5.114512,130,trace
a40,A40,23.10534,46.267077,5.115158,130,trace
a40,A40,23.15531,46.267128,5.115803,130,trace
a40,A40,23.20529,46.267177,5.116449,130,trace
a40,A40,23.25527,46.267223,5.117095,130,trace
a40,A40,23.30527,46.267266,5.117742,130,trace
a40,A40,23.35528,46.267306,5.118389,130,trace
a40,A40,23.40530,46.267341,5.119037,130,trace
a40,A40,23.45532,46.267374,5.119685,129,trace
a40,A40,23.50534,46.267403,5.120333,129,trace
a40,A40,23.55536,46.267429,5.120982,130,trace
a40,A40,23.60536,46.267447,5.121631,130,trace
a40,A40,23.65535,46.267461,5.122280,130,trace
a40,A40,23.70532,46.267471,5.122930,130,trace
a40,A40,23.75525,46.267474,5.123580,130,trace
a40,A40,23.80514,46.267472,5.124229,130,trace
a40,A40,23.85527,46.267465,5.124879,130,trace
a40,A40,23.90620,46.267453,5.125529,130,trace
a40,A40,23.95606,46.267434,5.126178,130,trace
a40,A40,24.00570,46.267409,5.126826,130,trace
a40,A40,24.05541,46.267380,5.127475,130,trace
a40,A40,24.10523,46.267340,5.128122,130,trace
a40,A40,24.15510,46.267294,5.128768,130,trace
a40,A40,24.20501,46.267243,5.129414,130,trace
a40,A40,24.25499,46.267181,5.130057,130,trace
a40,A40,24.30498,46.267113,5.130700,130,trace
a40,A40,24.35498,46.267040,5.131340,130,trace
a40,A40,24.40499,46.266959,5.131980,130,trace
a40,A40,24.45499,46.266871,5.132617,130,trace
a40,A40,24.50497,46.266778,5.133252,130,trace
a40,A40,24.55493,46.266678,5.133886,130,trace
a40,A40,24.60485,46.266573,5.134517,130,trace
a40,A40,24.65475,46.266465,5.135148,130,trace
a40,A40,24.70462,46.266354,5.135778,129,trace
a40,A40,24.75435,46.266229,5.136402,130,trace
a40,A40,24.80405,46.266101,5.137025,130,trace
a40,A40,24.85378,46.265971,5.137646,129,trace
a40,A40,24.90436,46.265841,5.138268,129,trace
a40,A40,24.95457,46.265710,5.138890,129,trace
a40,A40,25.00457,46.265580,5.139511,129,trace
a40,A40,25.05457,46.265449,5.140133,129,trace
a40,A40,25.10457,46.265319,5.140755,130,trace
a40,A40,25.15458,46.265188,5.141377,130,trace
a40,A40,25.20458,46.265057,5.141998,130,trace
a40,A40,25.25458,46.264925,5.142619,129,trace
a40,A40,25.30458,46.264793,5.143240,129,trace
a40,A40,25.35458,46.264662,5.143861,129,trace
a40,A40,25.40458,46.264534,5.144484,130,trace
a40,A40,25.45458,46.264405,5.145106,130,trace
a40,A40,25.50459,46.264277,5.145729,130,trace
a40,A40,25.55459,46.264150,5.146353,130,trace
a40,A40,25.60459,46.264024,5.146976,130,trace
a40,A40,25.65459,46.263898,5.147599,130,trace
a40,A40,25.70459,46.263772,5.148223,130,trace
a40,A40,25.75459,46.263651,5.148849,129,trace
a40,A40,25.80458,46.263531,5.149475,129,trace
a40,A40,25.85457,46.263414,5.150102,130,trace
a40,A40,25.90384,46.263298,5.150730,130,trace
a40,A40,25.95340,46.263183,5.151358,130,trace
a40,A40,26.00327,46.263070,5.151987,129,trace
a40,A40,26.05318,46.262962,5.152617,130,trace
a40,A40,26.10310,46.262856,5.153249,130,trace
a40,A40,26.15302,46.262752,5.153881,130,trace
a40,A40,26.20296,46.262650,5.154513,130,trace
a40,A40,26.25291,46.262551,5.155147,130,trace
a40,A40,26.30287,46.262456,5.155782,130,trace
a40,A40,26.35285,46.262366,5.156419,130,trace
a40,A40,26.40282,46.262285,5.157057,130,trace
a40,A40,26.45279,46.262208,5.157698,130,trace
a40,A40,26.50275,46.262136,5.158339,130,trace
a40,A40,26.55270,46.262065,5.158980,129,trace
a40,A40,26.60265,46.261996,5.159622,129,trace
a40,A40,26.65259,46.261929,5.160265,130,trace
a40,A40,26.70250,46.261867,5.160908,130,trace
a40,A40,26.75240,46.261808,5.161552,130,trace
a40,A40,26.80229,46.261750,5.162196,130,trace
a40,A40,26.85217,46.261693,5.162841,130,trace
a40,A40,26.90090,46.261640,5.163486,130,trace
a40,A40,26.94989,46.261592,5.164132,130,trace
a40,A40,26.99967,46.261549,5.164778,130,trace
a40,A40,27.04955,46.261517,5.165426,130,trace
a40,A40,27.09946,46.261489,5.166075,130,trace
a40,A40,27.14939,46.261463,5.166723,130,trace
a40,A40,27.19937,46.261446,5.167373,130,trace
a40,A40,27.24936,46.261433,5.168022,130,trace
a40,A40,27.29936,46.261423,5.168671,130,trace
a40,A40,27.34938,46.261419,5.169321,130,trace
a40,A40,27.39939,46.261421,5.169971,130,trace
a40,A40,27.44941,46.261426,5.170620,130,trace
a40,A40,27.49942,46.261435,5.171270,130,trace
a40,A40,27.54942,46.261449,5.171919,130,trace
a40,A40,27.59940,46.261466,5.172568,130,trace
a40,A40,27.64937,46.261487,5.173217,130,trace
a40,A40,27.69930,46.261514,5.173866,130,trace
a40,A40,27.74920,46.261545,5.174514,130,trace
a40,A40,27.79908,46.261581,5.175162,130,trace
a40,A40,27.84891,46.261621,5.175809,130,trace
a40,A40,27.89765,46.261665,5.176455,130,trace
a40,A40,27.94628,46.261714,5.177101,130,trace
a40,A40,27.99610,46.261768,5.177746,130,trace
a40,A40,28.04596,46.261826,5.178390,130,trace
a40,A40,28.09584,46.261888,5.179033,130,trace
a40,A40,28.14574,46.261954,5.179676,130,trace
a40,A40,28.19568,46.262028,5.180317,130,trace
a40,A40,28.24563,46.262106,5.180957,130,trace
a40,A40,28.29559,46.262186,5.181596,130,trace
a40,A40,28.34556,46.262272,5.182233,130,trace
a40,A40,28.39552,46.262362,5.182870,130,trace
a40,A40,28.44548,46.262454,5.183506,129,trace
a40,A40,28.49543,46.262551,5.184140,129,trace
a40,A40,28.54537,46.262653,5.184773,130,trace
a40,A40,28.59529,46.262758,5.185405,130,trace
a40,A40,28.64520,46.262867,5.186035,130,trace
a40,A40,28.69510,46.262976,5.186665,130,trace
a40,A40,28.74500,46.263086,5.187295,130,trace
a40,A40,28.79490,46.263196,5.187925,130,trace
a40,A40,28.84480,46.263305,5.188555,130,trace
a40,A40,28.89470,46.263415,5.189185,130,trace
a40,A40,28.94459,46.263518,5.189818,130,trace
a40,A40,28.99448,46.263619,5.190451,130,trace
a40,A40,29.04437,46.263720,5.191084,130,trace
a40,A40,29.09426,46.263821,5.191717,130,trace
a40,A40,29.14415,46.263922,5.192350,130,trace
a40,A40,29.19409,46.264003,5.192989,130,trace
a40,A40,29.24405,46.264079,5.193629,130,trace
a40,A40,29.29400,46.264155,5.194269,130,trace
a40,A40,29.34396,46.264232,5.194909,130,trace
a40,A40,29.39395,46.264292,5.195553,130,trace
a40,A40,29.44398,46.264335,5.196199,130,trace
a40,A40,29.49401,46.264378,5.196846,130,trace
a40,A40,29.54404,46.264421,5.197493,130,trace
a40,A40,29.59393,46.264437,5.198142,130,trace
a40,A40,29.64379,46.264450,5.198791,130,trace
a40,A40,29.69365,46.264463,5.199441,130,trace
a40,A40,29.74351,46.264476,5.200090,130,trace
a40,A40,29.79381,46.264475,5.200740,130,trace
a40,A40,29.84442,46.264464,5.201389,130,trace
a40,A40,29.89503,46.264454,5.202039,130,trace
a40,A40,29.94482,46.264429,5.202687,130,trace
a40,A40,29.99426,46.264399,5.203336,130,trace
a40,A40,30.04370,46.264368,5.203984,130,trace
a40,A40,30.09317,46.264335,5.204632,130,trace
a40,A40,30.14293,46.264280,5.205276,130,trace
a40,A40,30.19276,46.264217,5.205920,130,trace
a40,A40,30.24263,46.264148,5.206561,130,trace
a40,A40,30.29257,46.264068,5.207201,130,trace
a40,A40,30.34252,46.263979,5.207838,130,trace
a40,A40,30.39248,46.263883,5.208472,130,trace
a40,A40,30.44243,46.263780,5.209105,130,trace
a40,A40,30.49233,46.263664,5.209732,130,trace
a40,A40,30.54223,46.263546,5.210359,130,trace
a40,A40,30.59211,46.263427,5.210986,130,trace
a40,A40,30.64192,46.263298,5.211608,130,trace
a40,A40,30.69167,46.263163,5.212228,130,trace
a40,A40,30.74135,46.263023,5.212845,129,trace
a40,A40,30.79088,46.262871,5.213456,130,trace
a40,A40,30.84150,46.262713,5.214064,130,trace
a40,A40,30.89230,46.262549,5.214669,130,trace
a40,A40,30.94220,46.262376,5.215269,130,trace
a40,A40,30.99217,46.262195,5.215863,129,trace
a40,A40,31.04216,46.262008,5.216454,129,trace
a40,A40,31.09218,46.261814,5.217040,130,trace
a40,A40,31.14221,46.261613,5.217621,130,trace
a40,A40,31.19224,46.261409,5.218200,130,trace
a40,A40,31.24226,46.261201,5.218776,130,trace
a40,A40,31.29229,46.260994,5.219352,129,trace
a40,A40,31.34229,46.260779,5.219922,129,trace
a40,A40,31.39229,46.260563,5.220492,130,trace
a40,A40,31.44231,46.260357,5.221069,130,trace
a40,A40,31.49232,46.260144,5.221641,130,trace
a40,A40,31.54234,46.259931,5.222213,130,trace
a40,A40,31.59236,46.259723,5.222789,130,trace
a40,A40,31.64238,46.259514,5.223363,130,trace
a40,A40,31.69239,46.259301,5.223936,130,trace
a40,A40,31.74239,46.259085,5.224505,130,trace
a40,A40,31.79242,46.258880,5.225083,130,trace
a40,A40,31.84194,46.258680,5.225665,130,trace
a40,A40,31.89113,46.258483,5.226249,130,trace
a40,A40,31.94093,46.258293,5.226837,130,trace
a40,A40,31.99075,46.258104,5.227427,130,trace
a40,A40,32.04060,46.257919,5.228018,130,trace
a40,A40,32.09052,46.257741,5.228615,130,trace
a40,A40,32.14045,46.257565,5.229213,130,trace
a40,A40,32.19040,46.257393,5.229813,130,trace
a40,A40,32.24038,46.257226,5.230416,129,trace
a40,A40,32.29037,46.257063,5.231021,130,trace
a40,A40,32.34036,46.256904,5.231628,130,trace
a40,A40,32.39036,46.256749,5.232238,129,trace
a40,A40,32.44036,46.256598,5.232850,130,trace
a40,A40,32.49036,46.256451,5.233464,130,trace
a40,A40,32.54035,46.256307,5.234079,129,trace
a40,A40,32.59031,46.256169,5.234697,130,trace
a40,A40,32.64025,46.256036,5.235318,129,trace
a40,A40,32.69018,46.255907,5.235940,129,trace
a40,A40,32.74008,46.255781,5.236563,130,trace
a40,A40,32.78994,46.255659,5.237189,129,trace
a40,A40,32.83866,46.255543,5.237816,129,trace
a40,A40,32.88597,46.255432,5.238446,130,trace
a40,A40,32.93510,46.255323,5.239076,130,trace
a40,A40,32.98431,46.255219,5.239708,130,trace
a40,A40,33.03359,46.255118,5.240341,130,trace
a40,A40,33.08287,46.255016,5.240973,130,trace
a40,A40,33.13225,46.254921,5.241608,130,trace
a40,A40,33.18169,46.254829,5.242244,130,trace
a40,A40,33.23121,46.254741,5.242881,130,trace
a40,A40,33.28073,46.254654,5.243518,130,trace
a40,A40,33.33026,46.254567,5.244156,130,trace
a40,A40,33.37983,46.254483,5.244794,130,trace
a40,A40,33.42949,46.254405,5.245433,130,trace
a40,A40,33.47916,46.254328,5.246073,130,trace
a40,A40,33.52885,46.254252,5.246714,130,trace
a40,A40,33.57852,46.254176,5.247354,130,trace
a40,A40,33.62820,46.254099,5.247994,130,trace
a40,A40,33.67786,46.254022,5.248634,130,trace
a40,A40,33.72749,46.253941,5.249273,130,trace
a40,A40,33.77706,46.253857,5.249911,130,trace
a40,A40,33.82656,46.253769,5.250548,130,trace
a40,A40,33.87594,46.253673,5.251182,130,trace
a40,A40,33.98511,46.253558,5.251810,130,trace
a40,A40,34.07369,46.253430,5.252432,130,trace
a40,A40,34.12018,46.253287,5.253048,130,trace
a40,A40,34.16770,46.253118,5.253650,129,trace
a40,A40,34.21577,46.252934,5.254242,129,trace
a40,A40,34.26431,46.252735,5.254824,130,trace
a40,A40,34.31328,46.252521,5.255395,130,trace
a40,A40,34.36235,46.252303,5.255963,130,trace
a40,A40,34.41151,46.252080,5.256528,130,trace
a40,A40,34.46079,46.251853,5.257088,130,trace
a40,A40,34.51017,46.251621,5.257644,129,trace
a40,A40,34.55966,46.251382,5.258194,129,trace
a40,A40,34.60934,46.251133,5.258735,129,trace
a40,A40,34.65920,46.250869,5.259260,129,trace
a40,A40,34.70912,46.250598,5.259777,129,trace
a40,A40,34.75910,46.250318,5.260286,130,trace
a40,A40,34.80907,46.250019,5.260770,130,trace
a40,A40,34.85899,46.249713,5.261245,130,trace
a40,A40,34.90901,46.249399,5.261710,130,trace
a40,A40,34.95997,46.249072,5.262155,130,trace
a40,A40,35.01026,46.248739,5.262591,130,trace
a40,A40,35.06026,46.248403,5.263021,130,trace
a40,A40,35.11026,46.248063,5.263446,129,trace
a40,A40,35.16027,46.247720,5.263866,130,trace
a40,A40,35.21027,46.247376,5.264283,130,trace
a40,A40,35.26027,46.247029,5.264696,130,trace
a40,A40,35.31026,46.246679,5.265102,130,trace
a40,A40,35.36025,46.246330,5.265511,130,trace
a40,A40,35.41025,46.245984,5.265926,130,trace
a40,A40,35.46025,46.245640,5.266344,130,trace
a40,A40,35.51025,46.245296,5.266761,130,trace
a40,A40,35.56026,46.244952,5.267178,130,trace
a40,A40,35.61026,46.244607,5.267595,129,trace
a40,A40,35.66026,46.244260,5.268007,130,trace
a40,A40,35.71025,46.243912,5.268416,130,trace
a40,A40,35.76022,46.243560,5.268821,130,trace
a40,A40,35.81022,46.243212,5.269231,130,trace
a40,A40,35.86022,46.242866,5.269645,130,trace
a40,A40,35.91022,46.242522,5.270062,129,trace
a40,A40,35.96027,46.242178,5.270480,129,trace
a40,A40,36.01029,46.241834,5.270898,129,trace
a40,A40,36.06027,46.241491,5.271317,130,trace
a40,A40,36.11025,46.241148,5.271736,130,trace
a40,A40,36.16023,46.240805,5.272155,130,trace
a40,A40,36.21020,46.240462,5.272574,130,trace
a40,A40,36.26018,46.240120,5.272996,129,trace
a40,A40,36.31014,46.239783,5.273425,130,trace
a40,A40,36.36010,46.239447,5.273856,130,trace
a40,A40,36.41006,46.239111,5.274287,130,trace
a40,A40,36.46003,46.238772,5.274713,130,trace
a40,A40,36.51000,46.238433,5.275138,130,trace
a40,A40,36.55997,46.238092,5.275562,129,trace
a40,A40,36.60995,46.237751,5.275984,129,trace
a40,A40,36.65993,46.237408,5.276403,129,trace
a40,A40,36.70990,46.237064,5.276821,130,trace
a40,A40,36.75988,46.236719,5.277238,130,trace
a40,A40,36.80986,46.236374,5.277652,130,trace
a40,A40,36.85983,46.236026,5.278063,129,trace
a40,A40,36.90978,46.235673,5.278465,130,trace
a40,A40,36.96016,46.235319,5.278865,130,trace
a40,A40,37.01047,46.234964,5.279262,130,trace
a40,A40,37.06044,46.234608,5.279658,130,trace
a40,A40,37.11039,46.234253,5.280056,130,trace
a40,A40,37.16035,46.233898,5.280454,130,trace
a40,A40,37.21030,46.233544,5.280853,130,trace
a40,A40,37.26026,46.233188,5.281250,130,trace
a40,A40,37.31022,46.232832,5.281645,130,trace
a40,A40,37.36019,46.232474,5.282037,130,trace
a40,A40,37.41017,46.232115,5.282427,130,trace
a40,A40,37.46015,46.231753,5.282812,130,trace
a40,A40,37.51013,46.231389,5.283193,130,trace
a40,A40,37.56011,46.231023,5.283568,130,trace
a40,A40,37.61008,46.230653,5.283938,130,trace
a40,A40,37.66005,46.230283,5.284304,130,trace
a40,A40,37.71000,46.229910,5.284666,130,trace
a40,A40,37.75991,46.229532,5.285018,130,trace
a40,A40,37.80979,46.229153,5.285365,130,trace
a40,A40,37.85971,46.228770,5.285705,130,trace
a40,A40,37.91154,46.228386,5.286042,130,trace
a40,A40,37.96216,46.228001,5.286375,130,trace
a40,A40,38.01195,46.227614,5.286706,130,trace
a40,A40,38.06181,46.227225,5.287029,130,trace
a40,A40,38.11171,46.226832,5.287344,130,trace
a40,A40,38.16166,46.226437,5.287653,130,trace
a40,A40,38.21163,46.226039,5.287954,130,trace
a40,A40,38.26162,46.225640,5.288254,130,trace
a40,A40,38.31161,46.225241,5.288552,130,trace
a40,A40,38.36160,46.224842,5.288848,130,trace
a40,A40,38.41162,46.224438,5.289133,130,trace
a40,A40,38.46165,46.224033,5.289412,130,trace
a40,A40,38.51167,46.223625,5.289685,130,trace
a40,A40,38.56168,46.223214,5.289946,129,trace
a40,A40,38.61166,46.222799,5.290195,129,trace
a40,A40,38.66160,46.222382,5.290435,129,trace
a40,A40,38.71149,46.221962,5.290666,130,trace
a40,A40,38.76136,46.221542,5.290894,130,trace
a40,A40,38.81122,46.221121,5.291120,130,trace
a40,A40,38.86106,46.220699,5.291343,129,trace
a40,A40,38.91280,46.220275,5.291560,129,trace
a40,A40,38.96401,46.219851,5.291772,129,trace
a40,A40,39.01379,46.219425,5.291980,129,trace
a40,A40,39.06363,46.218998,5.292178,130,trace
a40,A40,39.11351,46.218569,5.292371,130,trace
a40,A40,39.16341,46.218139,5.292559,129,trace
a40,A40,39.21335,46.217707,5.292740,130,trace
a40,A40,39.26330,46.217275,5.292915,130,trace
a40,A40,39.31326,46.216842,5.293086,130,trace
a40,A40,39.36324,46.216407,5.293250,130,trace
a40,A40,39.41323,46.215972,5.293409,130,trace
a40,A40,39.46322,46.215536,5.293565,130,trace
a40,A40,39.51320,46.215099,5.293716,130,trace
a40,A40,39.56318,46.214660,5.293856,130,trace
a40,A40,39.61315,46.214221,5.293989,130,trace
a40,A40,39.66311,46.213780,5.294116,130,trace
a40,A40,39.71302,46.213338,5.294231,130,trace
a40,A40,39.76290,46.212895,5.294341,130,trace
a40,A40,39.81276,46.212452,5.294446,130,trace
a40,A40,39.86257,46.212008,5.294543,130,trace
a40,A40,39.91372,46.211563,5.294635,130,trace
a40,A40,39.96520,46.211119,5.294724,130,trace
a40,A40,40.01503,46.210673,5.294809,130,trace
a40,A40,40.06491,46.210227,5.294886,130,trace
a40,A40,40.11482,46.209781,5.294957,130,trace
a40,A40,40.16476,46.209334,5.295023,130,trace
a40,A40,40.21473,46.208887,5.295078,130,trace
a40,A40,40.26472,46.208439,5.295128,130,trace
a40,A40,40.31472,46.207991,5.295172,130,trace
a40,A40,40.36473,46.207542,5.295211,130,trace
a40,A40,40.41474,46.207094,5.295245,130,trace
a40,A40,40.46475,46.206645,5.295274,130,trace
a40,A40,40.51476,46.206196,5.295302,130,trace
a40,A40,40.56477,46.205747,5.295324,130,trace
a40,A40,40.61477,46.205298,5.295340,129,trace
a40,A40,40.66474,46.204849,5.295344,129,trace
a40,A40,40.71471,46.204400,5.295346,129,trace
a40,A40,40.76466,46.203951,5.295345,129,trace
a40,A40,40.81458,46.203502,5.295335,130,trace
a40,A40,40.86449,46.203053,5.295324,130,trace
a40,A40,40.91456,46.202604,5.295315,130,trace
a40,A40,40.96483,46.202154,5.295309,130,trace
a40,A40,41.01481,46.201705,5.295307,131,trace
a40,A40,41.06478,46.201256,5.295305,131,trace
a40,A40,41.11474,46.200807,5.295303,131,trace
a40,A40,41.16472,46.200358,5.295301,131,trace
a40,A40,41.21469,46.199909,5.295301,131,trace
a40,A40,41.26466,46.199460,5.295302,131,trace
a40,A40,41.31463,46.199010,5.295305,131,trace
a40,A40,41.36461,46.198561,5.295308,131,trace
a40,A40,41.41458,46.198112,5.295311,131,trace
a40,A40,41.46456,46.197663,5.295313,132,trace
a40,A40,41.51453,46.197214,5.295315,132,trace
a40,A40,41.56450,46.196765,5.295316,132,trace
a40,A40,41.61448,46.196316,5.295317,131,trace
a40,A40,41.66445,46.195866,5.295322,132,trace
a40,A40,41.71442,46.195417,5.295329,132,trace
a40,A40,41.76440,46.194968,5.295341,131,trace
a40,A40,41.81436,46.194519,5.295364,131,trace
a40,A40,41.86430,46.194071,5.295395,131,trace
a40,A40,41.91422,46.193622,5.295433,132,trace
a40,A40,41.96060,46.193175,5.295489,132,trace
a40,A40,42.00824,46.192728,5.295554,132,trace
a40,A40,42.05737,46.192282,5.295629,132,trace
a40,A40,42.10679,46.191838,5.295725,131,trace
a40,A40,42.15637,46.191395,5.295837,131,trace
a40,A40,42.20608,46.190955,5.295962,132,trace
a40,A40,42.25592,46.190516,5.296102,132,trace
a40,A40,42.30585,46.190081,5.296262,132,trace
a40,A40,42.35584,46.189648,5.296435,132,trace
a40,A40,42.40586,46.189219,5.296626,132,trace
a40,A40,42.45587,46.188792,5.296830,132,trace
a40,A40,42.50586,46.188369,5.297046,132,trace
a40,A40,42.55579,46.187949,5.297278,132,trace
a40,A40,42.60562,46.187534,5.297525,132,trace
a40,A40,42.65537,46.187122,5.297783,132,trace
a40,A40,42.70500,46.186713,5.298052,132,trace
a40,A40,42.75454,46.186308,5.298331,133,trace
a40,A40,42.80400,46.185904,5.298616,133,trace
a40,A40,42.85337,46.185503,5.298907,132,trace
a40,A40,42.90244,46.185106,5.299210,132,trace
a40,A40,42.95156,46.184709,5.299514,132,trace
a40,A40,43.00088,46.184312,5.299818,133,trace
a40,A40,43.05027,46.183914,5.300117,133,trace
a40,A40,43.09972,46.183513,5.300411,133,trace
a40,A40,43.14922,46.183112,5.300701,132,trace
a40,A40,43.19884,46.182706,5.300980,132,trace
a40,A40,43.24856,46.182297,5.301247,132,trace
a40,A40,43.29839,46.181884,5.301502,133,trace
a40,A40,43.34828,46.181467,5.301745,133,trace
a40,A40,43.39820,46.181049,5.301980,133,trace
a40,A40,43.44814,46.180628,5.302208,133,trace
a40,A40,43.49811,46.180202,5.302413,132,trace
a40,A40,43.54806,46.179773,5.302605,132,trace
a40,A40,43.59798,46.179342,5.302785,132,trace
a40,A40,43.64779,46.178906,5.302942,132,trace
a40,A40,43.69747,46.178467,5.303083,132,trace
a40,A40,43.74702,46.178027,5.303209,132,trace
a40,A40,43.79628,46.177583,5.303311,132,trace
a40,A40,43.84526,46.177138,5.303393,132,trace
a40,A40,43.89493,46.176691,5.303461,132,trace
a40,A40,43.94824,46.176243,5.303508,132,trace
a40,A40,43.99823,46.175795,5.303536,132,trace
a40,A40,44.04700,46.175346,5.303549,132,trace
a40,A40,44.09609,46.174897,5.303542,132,trace
a40,A40,44.14545,46.174448,5.303515,132,trace
a40,A40,44.19497,46.174000,5.303474,132,trace
a40,A40,44.24470,46.173553,5.303412,133,trace
a40,A40,44.29457,46.173107,5.303327,133,trace
a40,A40,44.34450,46.172663,5.303229,133,trace
a40,A40,44.39449,46.172222,5.303112,133,trace
a40,A40,44.44448,46.171783,5.302973,133,trace
a40,A40,44.49445,46.171346,5.302821,133,trace
a40,A40,44.54436,46.170912,5.302654,133,trace
a40,A40,44.59413,46.170483,5.302464,132,trace
a40,A40,44.64381,46.170056,5.302263,132,trace
a40,A40,44.69337,46.169632,5.302051,131,trace
a40,A40,44.74277,46.169211,5.301824,131,trace
a40,A40,44.79207,46.168792,5.301590,131,trace
a40,A40,44.84127,46.168375,5.301348,131,trace
a40,A40,44.89032,46.167961,5.301098,131,trace
a40,A40,44.94084,46.167548,5.300844,131,trace
a40,A40,44.99210,46.167135,5.300587,131,trace
a40,A40,45.04209,46.166724,5.300327,130,trace
a40,A40,45.09208,46.166313,5.300066,130,trace
a40,A40,45.14206,46.165901,5.299805,130,trace
a40,A40,45.19205,46.165490,5.299546,130,trace
a40,A40,45.24205,46.165077,5.299289,131,trace
a40,A40,45.29205,46.164665,5.299032,132,trace
a40,A40,45.34204,46.164252,5.298776,133,trace
a40,A40,45.39204,46.163840,5.298519,133,trace
a40,A40,45.44204,46.163426,5.298267,134,trace
a40,A40,45.49205,46.163010,5.298023,134,trace
a40,A40,45.54205,46.162594,5.297778,134,trace
a40,A40,45.59206,46.162178,5.297534,134,trace
a40,A40,45.64207,46.161762,5.297289,134,trace
a40,A40,45.69204,46.161340,5.297067,134,trace
a40,A40,45.74202,46.160917,5.296846,134,trace
a40,A40,45.79199,46.160495,5.296626,134,trace
a40,A40,45.84197,46.160073,5.296405,134,trace
a40,A40,45.89169,46.159648,5.296196,134,trace
a40,A40,45.94115,46.159220,5.295999,134,trace
a40,A40,45.99061,46.158792,5.295802,134,trace
a40,A40,46.04007,46.158364,5.295605,134,trace
a40,A40,46.08954,46.157936,5.295409,134,trace
a40,A40,46.13954,46.157502,5.295238,134,trace
a40,A40,46.18955,46.157069,5.295067,134,trace
a40,A40,46.23955,46.156636,5.294896,134,trace
a40,A40,46.28956,46.156202,5.294731,134,trace
a40,A40,46.33957,46.155765,5.294577,134,trace
a40,A40,46.38958,46.155329,5.294423,134,trace
a40,A40,46.43959,46.154893,5.294269,134,trace
a40,A40,46.48961,46.154456,5.294115,134,trace
a40,A40,46.53962,46.154020,5.293963,134,trace
a40,A40,46.58962,46.153582,5.293818,134,trace
a40,A40,46.63962,46.153144,5.293678,134,trace
a40,A40,46.68961,46.152705,5.293540,133,trace
a40,A40,46.73958,46.152265,5.293407,133,trace
a40,A40,46.78958,46.151827,5.293266,133,trace
a40,A40,46.83958,46.151389,5.293122,134,trace
a40,A40,46.88956,46.150950,5.292985,134,trace
a40,A40,46.93970,46.150511,5.292845,134,trace
a40,A40,46.98985,46.150073,5.292703,133,trace
a40,A40,47.03978,46.149634,5.292567,133,trace
a40,A40,47.08974,46.149195,5.292425,133,trace
a40,A40,47.13972,46.148758,5.292276,133,trace
a40,A40,47.18972,46.148324,5.292113,133,trace
a40,A40,47.23973,46.147890,5.291945,133,trace
a40,A40,47.28974,46.147456,5.291780,133,trace
a40,A40,47.33973,46.147020,5.291624,131,trace
a40,A40,47.38974,46.146586,5.291456,131,trace
a40,A40,47.43975,46.146152,5.291286,131,trace
a40,A40,47.48976,46.145718,5.291119,130,trace
a40,A40,47.53976,46.145283,5.290961,130,trace
a40,A40,47.58976,46.144848,5.290800,130,trace
a40,A40,47.63977,46.144413,5.290635,130,trace
a40,A40,47.68978,46.143982,5.290454,129,trace
a40,A40,47.73976,46.143553,5.290264,129,trace
a40,A40,47.78973,46.143125,5.290067,130,trace
a40,A40,47.83967,46.142698,5.289866,130,trace
a40,A40,47.88962,46.142271,5.289664,130,trace
a40,A40,47.93975,46.141844,5.289462,130,trace
a40,A40,47.99054,46.141418,5.289257,130,trace
a40,A40,48.04067,46.140992,5.289051,130,trace
a40,A40,48.09060,46.140566,5.288845,130,trace
a40,A40,48.14053,46.140141,5.288636,129,trace
a40,A40,48.19048,46.139718,5.288418,130,trace
a40,A40,48.24045,46.139298,5.288190,130,trace
a40,A40,48.29042,46.138880,5.287951,130,trace
a40,A40,48.34038,46.138464,5.287709,130,trace
a40,A40,48.39035,46.138045,5.287473,130,trace
a40,A40,48.44032,46.137626,5.287241,130,trace
a40,A40,48.49030,46.137207,5.287007,130,trace
a40,A40,48.54027,46.136789,5.286770,130,trace
a40,A40,48.59023,46.136371,5.286531,130,trace
a40,A40,48.64020,46.135955,5.286289,130,trace
a40,A40,48.69015,46.135540,5.286039,130,trace
a40,A40,48.74008,46.135128,5.285783,130,trace
a40,A40,48.79001,46.134716,5.285524,130,trace
a40,A40,48.83995,46.134302,5.285271,130,trace
a40,A40,48.88886,46.133889,5.285018,130,trace
a40,A40,48.93656,46.133476,5.284764,130,trace
a40,A40,48.98461,46.133063,5.284508,129,trace
a40,A40,49.03302,46.132647,5.284262,129,trace
a40,A40,49.08173,46.132229,5.284028,130,trace
a40,A40,49.13069,46.131806,5.283807,130,trace
a40,A40,49.17995,46.131379,5.283607,130,trace
a40,A40,49.22942,46.130949,5.283422,130,trace
a40,A40,49.27914,46.130514,5.283260,130,trace
a40,A40,49.32900,46.130076,5.283119,130,trace
a40,A40,49.37894,46.129635,5.282994,130,trace
a40,A40,49.42896,46.129192,5.282889,129,trace
a40,A40,49.47896,46.128746,5.282816,130,trace
a40,A40,49.52890,46.128298,5.282761,130,trace
a40,A40,49.57876,46.127850,5.282723,130,trace
a40,A40,49.62842,46.127401,5.282711,130,trace
a40,A40,49.67795,46.126952,5.282711,130,trace
a40,A40,49.72731,46.126503,5.282726,130,trace
a40,A40,49.77619,46.126055,5.282773,130,trace
a40,A40,49.82460,46.125609,5.282847,130,trace
a40,A40,49.87115,46.125164,5.282941,130,trace
a40,A40,49.91279,46.124723,5.283060,129,trace
a40,A40,49.95998,46.124286,5.283208,130,trace
a40,A40,50.00868,46.123852,5.283375,130,trace
a40,A40,50.05772,46.123422,5.283562,130,trace
a40,A40,50.10715,46.122998,5.283777,130,trace
a40,A40,50.15676,46.122579,5.284010,130,trace
a40,A40,50.20652,46.122165,5.284259,129,trace
a40,A40,50.25645,46.121760,5.284539,130,trace
a40,A40,50.30639,46.121360,5.284835,130,trace
a40,A40,50.35634,46.120966,5.285145,130,trace
a40,A40,50.40622,46.120581,5.285479,130,trace
a40,A40,50.45599,46.120202,5.285828,130,trace
a40,A40,50.50569,46.119829,5.286187,130,trace
a40,A40,50.55528,46.119459,5.286556,130,trace
a40,A40,50.60477,46.119094,5.286933,129,trace
a40,A40,50.65425,46.118729,5.287311,129,trace
a40,A40,50.70374,46.118364,5.287688,129,trace
a40,A40,50.75335,46.117994,5.288056,130,trace
a40,A40,50.80302,46.117621,5.288417,130,trace
a40,A40,50.85281,46.117245,5.288771,130,trace
a40,A40,50.90368,46.116862,5.289109,130,trace
a40,A40,50.95259,46.116474,5.289434,130,trace
a40,A40,51.00038,46.116080,5.289747,130,trace
a40,A40,51.04862,46.115680,5.290042,129,trace
a40,A40,51.09723,46.115274,5.290319,129,trace
a40,A40,51.14616,46.114863,5.290579,129,trace
a40,A40,51.19551,46.114444,5.290812,130,trace
a40,A40,51.24519,46.114017,5.291014,130,trace
a40,A40,51.29501,46.113587,5.291199,130,trace
a40,A40,51.34494,46.113153,5.291366,129,trace
a40,A40,51.39494,46.112714,5.291503,130,trace
a40,A40,51.44492,46.112273,5.291621,130,trace
a40,A40,51.49485,46.111829,5.291719,130,trace
a40,A40,51.54460,46.111382,5.291787,130,trace
a40,A40,51.59412,46.110934,5.291832,130,trace
a40,A40,51.64343,46.110485,5.291858,130,trace
a40,A40,51.69239,46.110036,5.291858,130,trace
a40,A40,51.74093,46.109588,5.291835,129,trace
a40,A40,51.78920,46.109139,5.291797,129,trace
a40,A40,51.83711,46.108692,5.291743,130,trace
a40,A40,51.88735,46.108245,5.291670,130,trace
a40,A40,51.93771,46.107800,5.291591,130,trace
a40,A40,51.98774,46.107354,5.291507,130,trace
a40,A40,52.03777,46.106909,5.291419,129,trace
a40,A40,52.08779,46.106465,5.291323,129,trace
a40,A40,52.13780,46.106021,5.291221,130,trace
a40,A40,52.18781,46.105578,5.291115,130,trace
a40,A40,52.23782,46.105135,5.291010,130,trace
a40,A40,52.28783,46.104692,5.290906,130,trace
a40,A40,52.33785,46.104248,5.290807,130,trace
a40,A40,52.38787,46.103803,5.290715,129,trace
a40,A40,52.43790,46.103359,5.290625,129,trace
a40,A40,52.48793,46.102914,5.290536,129,trace
a40,A40,52.53796,46.102469,5.290448,130,trace
a40,A40,52.58799,46.102024,5.290360,130,trace
a40,A40,52.63801,46.101578,5.290274,130,trace
a40,A40,52.68804,46.101133,5.290188,130,trace
a40,A40,52.73807,46.100688,5.290102,130,trace
a40,A40,52.78810,46.100243,5.290015,129,trace
a40,A40,52.83813,46.099798,5.289929,130,trace
a40,A40,52.88805,46.099353,5.289842,130,trace
a40,A40,52.93796,46.098908,5.289756,130,trace
a40,A40,52.98796,46.098463,5.289668,130,trace
a40,A40,53.03795,46.098018,5.289580,130,trace
a40,A40,53.08795,46.097573,5.289493,130,trace
a40,A40,53.13795,46.097127,5.289406,130,trace
a40,A40,53.18794,46.096682,5.289318,130,trace
a40,A40,53.23794,46.096238,5.289229,130,trace
a40,A40,53.28793,46.095793,5.289138,130,trace
a40,A40,53.33793,46.095347,5.289055,129,trace
a40,A40,53.38793,46.094902,5.288972,129,trace
a40,A40,53.43793,46.094456,5.288889,130,trace
a40,A40,53.48794,46.094010,5.288813,130,trace
a40,A40,53.53794,46.093564,5.288736,130,trace
a40,A40,53.58794,46.093118,5.288661,130,trace
a40,A40,53.63794,46.092672,5.288588,129,trace
a40,A40,53.68794,46.092226,5.288514,129,trace
a40,A40,53.73793,46.091779,5.288447,129,trace
a40,A40,53.78789,46.091331,5.288394,130,trace
a40,A40,53.83787,46.090884,5.288334,130,trace
a40,A40,53.88524,46.090436,5.288292,130,trace
a40,A40,53.92949,46.089987,5.288271,129,trace
a40,A40,53.97743,46.089538,5.288281,130,trace
a40,A40,54.02573,46.089090,5.288310,130,trace
a40,A40,54.07439,46.088642,5.288357,129,trace
a40,A40,54.12353,46.088196,5.288433,130,trace
a40,A40,54.17293,46.087752,5.288531,130,trace
a40,A40,54.22253,46.087310,5.288646,129,trace
a40,A40,54.27234,46.086871,5.288785,130,trace
a40,A40,54.32227,46.086437,5.288949,130,trace
a40,A40,54.37225,46.086006,5.289129,130,trace
a40,A40,54.42226,46.085578,5.289329,130,trace
a40,A40,54.47218,46.085158,5.289556,130,trace
a40,A40,54.52202,46.084741,5.289798,130,trace
a40,A40,54.57176,46.084329,5.290055,130,trace
a40,A40,54.62124,46.083924,5.290336,130,trace
a40,A40,54.67048,46.083526,5.290634,130,trace
a40,A40,54.71948,46.083133,5.290947,129,trace
a40,A40,54.76801,46.082749,5.291285,130,trace
a40,A40,54.81606,46.082375,5.291642,130,trace
a40,A40,54.86183,46.082007,5.292013,130,trace
a40,A40,54.90220,46.081648,5.292402,130,trace
a40,A40,54.94920,46.081300,5.292811,130,trace
a40,A40,54.99772,46.080959,5.293233,130,trace
a40,A40,55.04658,46.080626,5.293668,130,trace
a40,A40,55.09588,46.080308,5.294125,130,trace
a40,A40,55.14539,46.079999,5.294595,130,trace
a40,A40,55.19508,46.079700,5.295077,129,trace
a40,A40,55.24496,46.079413,5.295576,130,trace
a40,A40,55.29491,46.079138,5.296087,130,trace
a40,A40,55.34490,46.078872,5.296609,130,trace
a40,A40,55.39489,46.078622,5.297147,130,trace
a40,A40,55.44478,46.078385,5.297696,129,trace
a40,A40,55.49459,46.078157,5.298254,129,trace
a40,A40,55.54427,46.077940,5.298821,130,trace
a40,A40,55.59375,46.077735,5.299397,130,trace
a40,A40,55.64309,46.077537,5.299978,130,trace
a40,A40,55.69230,46.077345,5.300564,130,trace
a40,A40,55.74124,46.077165,5.301157,130,trace
a40,A40,55.79009,46.076989,5.301753,130,trace
a40,A40,55.83860,46.076816,5.302350,130,trace
a40,A40,55.88551,46.076641,5.302947,130,trace
a40,A40,55.93454,46.076466,5.303543,130,trace
a40,A40,55.98453,46.076293,5.304140,130,trace
a40,A40,56.03451,46.076122,5.304740,130,trace
a40,A40,56.08450,46.075955,5.305340,130,trace
a40,A40,56.13449,46.075788,5.305941,130,trace
a40,A40,56.18448,46.075621,5.306542,130,trace
a40,A40,56.23447,46.075453,5.307143,130,trace
a40,A40,56.28446,46.075285,5.307743,130,trace
a40,A40,56.33444,46.075117,5.308344,130,trace
a40,A40,56.38443,46.074950,5.308945,130,trace
a40,A40,56.43442,46.074783,5.309546,130,trace
a40,A40,56.48441,46.074616,5.310147,130,trace
a40,A40,56.53439,46.074449,5.310748,130,trace
a40,A40,56.58438,46.074282,5.311349,130,trace
a40,A40,56.63437,46.074115,5.311950,130,trace
a40,A40,56.68436,46.073948,5.312551,130,trace
a40,A40,56.73434,46.073781,5.313152,130,trace
a40,A40,56.78433,46.073614,5.313753,129,trace
a40,A40,56.83433,46.073448,5.314355,125,trace
a40,A40,56.88562,46.073283,5.314957,123,trace
a40,A40,56.93574,46.073119,5.315560,120,trace
a40,A40,56.98526,46.072954,5.316162,117,trace
a40,A40,57.03484,46.072784,5.316761,114,trace
a40,A40,57.08469,46.072593,5.317347,111,trace
a40,A40,57.13462,46.072385,5.317921,109,trace
a40,A40,57.18454,46.072156,5.318477,108,trace
a40,A40,57.23423,46.071901,5.319009,107,trace
a40,A40,57.28346,46.071619,5.319512,107,trace
a40,A40,57.33192,46.071311,5.319983,106,trace
a40,A40,57.37919,46.070976,5.320415,106,trace
a40,A40,57.42565,46.070628,5.320824,108,trace
a40,A40,57.47221,46.070281,5.321236,110,trace
a40,A40,57.51937,46.069945,5.321665,112,trace
a40,A40,57.56548,46.069627,5.322121,114,trace
a40,A40,57.60164,46.069340,5.322619,114,trace
a40,A40,57.60600,46.069100,5.323165,115,trace
a40,A40,57.62866,46.068907,5.323747,115,trace
a40,A40,57.66883,46.068761,5.324358,115,trace
a40,A40,57.71496,46.068661,5.324989,115,trace
a40,A40,57.76336,46.068623,5.325634,115,trace
a40,A40,57.81283,46.068641,5.326279,115,trace
a40,A40,57.86266,46.068714,5.326916,115,trace
a40,A40,57.91224,46.068840,5.327536,115,trace
a40,A40,57.96094,46.069015,5.328132,115,trace
a40,A40,58.00752,46.069247,5.328686,115,trace
a40,A40,58.05173,46.069519,5.329199,117,trace
a40,A40,58.09402,46.069820,5.329680,120,trace
a40,A40,58.13491,46.070137,5.330138,122,trace
a40,A40,58.17540,46.070459,5.330590,124,trace
a40,A40,58.21586,46.070781,5.331041,125,trace
a40,A40,58.25717,46.071103,5.331492,126,trace
a40,A40,58.30059,46.071425,5.331944,128,trace
a40,A40,58.34797,46.071747,5.332394,129,trace
a40,A40,58.39592,46.072070,5.332844,129,trace
a40,A40,58.44389,46.072393,5.333295,129,trace
a40,A40,58.49191,46.072714,5.333748,129,trace
a40,A40,58.54007,46.073032,5.334205,129,trace
a40,A40,58.58842,46.073345,5.334669,130,trace
a40,A40,58.63745,46.073638,5.335159,130,trace
a40,A40,58.68687,46.073915,5.335668,130,trace
a40,A40,58.73655,46.074177,5.336194,129,trace
a40,A40,58.78650,46.074416,5.336742,129,trace
a40,A40,58.83645,46.074623,5.337316,129,trace
a40,A40,58.88622,46.074809,5.337905,129,trace
a40,A40,58.93569,46.074970,5.338509,129,trace
a40,A40,58.98437,46.075095,5.339131,129,trace
a40,A40,59.03243,46.075200,5.339760,129,trace
a40,A40,59.07980,46.075285,5.340396,129,trace
a40,A40,59.12562,46.075330,5.341040,129,trace
a40,A40,59.17014,46.075349,5.341686,129,trace
a40,A40,59.21591,46.075346,5.342333,129,trace
a40,A40,59.26952,46.075315,5.342979,130,trace
a40,A40,59.32027,46.075266,5.343623,130,trace
a40,A40,59.37015,46.075211,5.344265,130,trace
a40,A40,59.42000,46.075151,5.344907,130,trace
a40,A40,59.46986,46.075093,5.345549,130,trace
a40,A40,59.51972,46.075035,5.346191,130,trace
a40,A40,59.56957,46.074977,5.346833,130,trace
a40,A40,59.61948,46.074925,5.347476,130,trace
a40,A40,59.66941,46.074875,5.348119,130,trace
a40,A40,59.71936,46.074830,5.348764,130,trace
a40,A40,59.76937,46.074797,5.349409,130,trace
a40,A40,59.81938,46.074773,5.350056,130,trace
a40,A40,59.86940,46.074755,5.350703,130,trace
a40,A40,59.91939,46.074747,5.351350,129,trace
a40,A40,59.96928,46.074756,5.351997,130,trace
a40,A40,60.01905,46.074777,5.352644,130,trace
a40,A40,60.06867,46.074812,5.353289,130,trace
a40,A40,60.11789,46.074870,5.353931,130,trace
a40,A40,60.16295,46.074942,5.354570,130,trace
a40,A40,60.20470,46.075028,5.355206,130,trace
a40,A40,60.25068,46.075141,5.355832,129,trace
a40,A40,60.29747,46.075274,5.356450,129,trace
a40,A40,60.34491,46.075423,5.357061,129,trace
a40,A40,60.39305,46.075592,5.357661,129,trace
a40,A40,60.44182,46.075783,5.358247,129,trace
a40,A40,60.49095,46.075988,5.358822,129,trace
a40,A40,60.54043,46.076210,5.359385,130,trace
a40,A40,60.59023,46.076453,5.359930,130,trace
a40,A40,60.64013,46.076709,5.360461,130,trace
a40,A40,60.69010,46.076979,5.360978,129,trace
a40,A40,60.74002,46.077273,5.361468,129,trace
a40,A40,60.78978,46.077578,5.361942,129,trace
a40,A40,60.83923,46.077899,5.362395,130,trace
a40,A40,60.88766,46.078253,5.362793,130,trace
a40,A40,60.93609,46.078607,5.363191,129,trace
a40,A40,60.98451,46.078962,5.363589,129,trace
a40,A40,61.03294,46.079316,5.363987,129,trace
a40,A40,61.07941,46.079710,5.364295,129,trace
a40,A40,61.12560,46.080110,5.364591,129,trace
a40,A40,61.17179,46.080509,5.364887,129,trace
a40,A40,61.21797,46.080909,5.365182,129,trace
a40,A40,61.26493,46.081323,5.365428,129,trace
a40,A40,61.31248,46.081749,5.365634,129,trace
a40,A40,61.36003,46.082175,5.365840,130,trace
a40,A40,61.40758,46.082600,5.366047,130,trace
a40,A40,61.45545,46.083022,5.366268,130,trace
a40,A40,61.50457,46.083426,5.366551,130,trace
a40,A40,61.55369,46.083830,5.366833,130,trace
a40,A40,61.60282,46.084234,5.367116,130,trace
a40,A40,61.65194,46.084638,5.367399,130,trace
a40,A40,61.70121,46.085034,5.367701,130,trace
a40,A40,61.75119,46.085390,5.368096,130,trace
a40,A40,61.80084,46.085720,5.368534,129,trace
a40,A40,61.85009,46.086031,5.369000,129,trace
a40,A40,61.89868,46.086319,5.369497,130,trace
a40,A40,61.94604,46.086576,5.370028,130,trace
a40,A40,61.99255,46.086814,5.370576,130,trace
a40,A40,62.03810,46.087033,5.371142,129,trace
a40,A40,62.08217,46.087225,5.371727,130,trace
a40,A40,62.12985,46.087397,5.372325,130,trace
a40,A40,62.18083,46.087549,5.372934,130,trace
a40,A40,62.22804,46.087673,5.373556,130,trace
a40,A40,62.27584,46.087780,5.374185,130,trace
a40,A40,62.32412,46.087872,5.374819,130,trace
a40,A40,62.37305,46.087940,5.375459,130,trace
a40,A40,62.42243,46.087985,5.376103,130,trace
a40,A40,62.47208,46.088012,5.376749,130,trace
a40,A40,62.52199,46.088015,5.377397,130,trace
a40,A40,62.57188,46.087965,5.378039,130,trace
a40,A40,62.62170,46.087901,5.378680,130,trace
a40,A40,62.67144,46.087828,5.379319,130,trace
a40,A40,62.72088,46.087735,5.379953,130,trace
a40,A40,62.77017,46.087634,5.380584,130,trace
a40,A40,62.81934,46.087527,5.381213,129,trace
a40,A40,62.86838,46.087414,5.381839,129,trace
a40,A40,62.91735,46.087297,5.382465,129,trace
a40,A40,62.96628,46.087179,5.383090,130,trace
a40,A40,63.01523,46.087062,5.383715,130,trace
a40,A40,63.06435,46.086953,5.384343,129,trace
a40,A40,63.11232,46.086853,5.384974,129,trace
a40,A40,63.15788,46.086767,5.385610,129,trace
a40,A40,63.20513,46.086699,5.386250,130,trace
a40,A40,63.25286,46.086640,5.386892,130,trace
a40,A40,63.30093,46.086592,5.387536,130,trace
a40,A40,63.34973,46.086571,5.388183,130,trace
a40,A40,63.39878,46.086561,5.388830,130,trace
a40,A40,63.44805,46.086562,5.389477,130,trace
a40,A40,63.49765,46.086582,5.390124,130,trace
a40,A40,63.54742,46.086617,5.390770,130,trace
a40,A40,63.59730,46.086664,5.391414,130,trace
a40,A40,63.64728,46.086729,5.392054,130,trace
a40,A40,63.69726,46.086816,5.392690,130,trace
a40,A40,63.74713,46.086920,5.393319,130,trace
a40,A40,63.79683,46.087045,5.393941,130,trace
a40,A40,63.84582,46.087208,5.394544,130,trace
a40,A40,63.89419,46.087393,5.395134,130,trace
a40,A40,63.94191,46.087598,5.395710,130,trace
a40,A40,63.98837,46.087833,5.396262,130,trace
a40,A40,64.03353,46.088092,5.396791,130,trace
a40,A40,64.07818,46.088369,5.397300,130,trace
a40,A40,64.12370,46.088669,5.397782,130,trace
a40,A40,64.17211,46.088987,5.398238,130,trace
a40,A40,64.22125,46.089317,5.398678,130,trace
a40,A40,64.27008,46.089656,5.399102,130,trace
a40,A40,64.31880,46.089999,5.399520,130,trace
a40,A40,64.36757,46.090340,5.399942,130,trace
a40,A40,64.41644,46.090679,5.400367,130,trace
a40,A40,64.46574,46.091003,5.400816,130,trace
a40,A40,64.51526,46.091317,5.401278,130,trace
a40,A40,64.56497,46.091620,5.401756,130,trace
a40,A40,64.61491,46.091899,5.402264,129,trace
a40,A40,64.66481,46.092157,5.402793,129,trace
a40,A40,64.71463,46.092401,5.403337,130,trace
a40,A40,64.76422,46.092625,5.403898,130,trace
a40,A40,64.81332,46.092825,5.404477,129,trace
a40,A40,64.86201,46.093009,5.405068,129,trace
a40,A40,64.91018,46.093174,5.405671,130,trace
a40,A40,64.95740,46.093311,5.406287,130,trace
a40,A40,65.00668,46.093431,5.406911,130,trace
a40,A40,65.05824,46.093531,5.407542,130,trace
a40,A40,65.10824,46.093601,5.408182,129,trace
a40,A40,65.15823,46.093661,5.408824,129,trace
a40,A40,65.20821,46.093717,5.409466,129,trace
a40,A40,65.25819,46.093773,5.410109,129,trace
a40,A40,65.30817,46.093829,5.410751,129,trace
a40,A40,65.35815,46.093884,5.411394,129,trace
a40,A40,65.40812,46.093937,5.412037,129,trace
a40,A40,65.45810,46.093991,5.412680,129,trace
a40,A40,65.50808,46.094048,5.413323,129,trace
a40,A40,65.55808,46.094109,5.413965,130,trace
a40,A40,65.60808,46.094177,5.414605,130,trace
a40,A40,65.65809,46.094244,5.415245,130,trace
a40,A40,65.70809,46.094312,5.415885,129,trace
a40,A40,65.75809,46.094381,5.416525,129,trace
a40,A40,65.80809,46.094455,5.417164,129,trace
a40,A40,65.85808,46.094532,5.417802,129,trace
a40,A40,65.90805,46.094618,5.418438,129,trace
a40,A40,65.95796,46.094713,5.419071,130,trace
a40,A40,66.00630,46.094813,5.419702,130,trace
a40,A40,66.05236,46.094919,5.420332,130,trace
a40,A40,66.10041,46.095048,5.420952,130,trace
a40,A40,66.14895,46.095193,5.421565,130,trace
a40,A40,66.19791,46.095353,5.422170,130,trace
a40,A40,66.24738,46.095536,5.422761,130,trace
a40,A40,66.29707,46.095735,5.423342,130,trace
a40,A40,66.34693,46.095947,5.423913,129,trace
a40,A40,66.39693,46.096177,5.424469,129,trace
a40,A40,66.44694,46.096425,5.425009,129,trace
a40,A40,66.49690,46.096684,5.425537,129,trace
a40,A40,66.54677,46.096957,5.426053,129,trace
a40,A40,66.59637,46.097247,5.426547,129,trace
a40,A40,66.64584,46.097542,5.427035,129,trace
a40,A40,66.69522,46.097843,5.427516,129,trace
a40,A40,66.74462,46.098142,5.428000,130,trace
a40,A40,66.79408,46.098438,5.428486,130,trace
a40,A40,66.84362,46.098731,5.428977,129,trace
a40,A40,66.89333,46.099015,5.429479,130,trace
a40,A40,66.94319,46.099286,5.429995,130,trace
a40,A40,66.99334,46.099548,5.430521,130,trace
a40,A40,67.04396,46.099799,5.431059,130,trace
a40,A40,67.09377,46.100032,5.431612,130,trace
a40,A40,67.14355,46.100256,5.432173,130,trace
a40,A40,67.19345,46.100470,5.432743,130,trace
a40,A40,67.24343,46.100663,5.433328,130,trace
a40,A40,67.29340,46.100844,5.433920,130,trace
a40,A40,67.34334,46.101016,5.434519,130,trace
a40,A40,67.39326,46.101184,5.435120,130,trace
a40,A40,67.44320,46.101353,5.435720,130,trace
a40,A40,67.49313,46.101523,5.436319,130,trace
a40,A40,67.54306,46.101693,5.436919,130,trace
a40,A40,67.59301,46.101865,5.437518,130,trace
a40,A40,67.64295,46.102036,5.438116,130,trace
a40,A40,67.69289,46.102207,5.438715,130,trace
a40,A40,67.74284,46.102380,5.439313,130,trace
a40,A40,67.79280,46.102554,5.439910,130,trace
a40,A40,67.84276,46.102732,5.440505,130,trace
a40,A40,67.89275,46.102920,5.441093,129,trace
a40,A40,67.94272,46.103118,5.441675,129,trace
a40,A40,67.99278,46.103325,5.442250,130,trace
a40,A40,68.04315,46.103543,5.442816,130,trace
a40,A40,68.09243,46.103771,5.443374,130,trace
a40,A40,68.14137,46.104004,5.443928,130,trace
a40,A40,68.19018,46.104242,5.444477,129,trace
a40,A40,68.23890,46.104483,5.445024,130,trace
a40,A40,68.28769,46.104721,5.445573,130,trace
a40,A40,68.33656,46.104957,5.446125,130,trace
a40,A40,68.38567,46.105183,5.446684,130,trace
a40,A40,68.43509,46.105394,5.447256,130,trace
a40,A40,68.48477,46.105590,5.447838,130,trace
a40,A40,68.53471,46.105761,5.448437,130,trace
a40,A40,68.58470,46.105910,5.449048,130,trace
a40,A40,68.63466,46.106044,5.449666,130,trace
a40,A40,68.68451,46.106159,5.450293,130,trace
a40,A40,68.73405,46.106249,5.450927,130,trace
a40,A40,68.78326,46.106322,5.451566,130,trace
a40,A40,68.83211,46.106376,5.452209,129,trace
a40,A40,68.88030,46.106407,5.452855,130,trace
a40,A40,68.92847,46.106436,5.453502,130,trace
a40,A40,68.97667,46.106467,5.454148,129,trace
a40,A40,69.02512,46.106507,5.454793,130,trace
a40,A40,69.06963,46.106566,5.455435,130,trace
a40,A40,69.11333,46.106641,5.456074,130,trace
a40,A40,69.15906,46.106736,5.456707,130,trace
a40,A40,69.20616,46.106865,5.457327,129,trace
a40,A40,69.25407,46.107016,5.457936,129,trace
a40,A40,69.30273,46.107191,5.458533,130,trace
a40,A40,69.35225,46.107405,5.459103,130,trace
a40,A40,69.40200,46.107639,5.459655,130,trace
a40,A40,69.45193,46.107893,5.460189,130,trace
a40,A40,69.50185,46.108172,5.460697,130,trace
a40,A40,69.55163,46.108464,5.461188,130,trace
a40,A40,69.60126,46.108768,5.461665,130,trace
a40,A40,69.65064,46.109084,5.462125,130,trace
a40,A40,69.69962,46.109414,5.462564,130,trace
a40,A40,69.74835,46.109752,5.462991,130,trace
a40,A40,69.79679,46.110097,5.463406,130,trace
a40,A40,69.84497,46.110448,5.463811,130,trace
a40,A40,69.89299,46.110802,5.464209,130,trace
a40,A40,69.94092,46.111159,5.464603,130,trace
a40,A40,69.98956,46.111515,5.464997,130,trace
a40,A40,70.03311,46.111872,5.465391,130,trace
a40,A40,70.07372,46.112227,5.465786,130,trace
a40,A40,70.11484,46.112578,5.466191,130,trace
a40,A40,70.15717,46.112916,5.466617,130,trace
a40,A40,70.20052,46.113242,5.467063,130,trace
a40,A40,70.24524,46.113550,5.467535,130,trace
a40,A40,70.29193,46.113823,5.468048,130,trace
a40,A40,70.33966,46.114072,5.468586,130,trace
a40,A40,70.38840,46.114295,5.469149,130,trace
a40,A40,70.43822,46.114462,5.469750,130,trace
a40,A40,70.48809,46.114590,5.470369,130,trace
a40,A40,70.53787,46.114680,5.471003,130,trace
a40,A40,70.58680,46.114716,5.471649,130,trace
a40,A40,70.63440,46.114708,5.472296,130,trace
a40,A40,70.68075,46.114667,5.472940,130,trace
a40,A40,70.72515,46.114583,5.473576,130,trace
a40,A40,70.76659,46.114450,5.474194,130,trace
a40,A40,70.80558,46.114282,5.474793,130,trace
a40,A40,70.84149,46.114075,5.475368,130,trace
a40,A40,70.87924,46.113835,5.475915,130,trace
a40,A40,70.91958,46.113590,5.476459,130,trace
a40,A40,70.96262,46.113344,5.477000,130,trace
a40,A40,71.00634,46.113108,5.477552,129,trace
a40,A40,71.05116,46.112891,5.478118,129,trace
a40,A40,71.09699,46.112693,5.478699,129,trace
a40,A40,71.14431,46.112528,5.479302,130,trace
a40,A40,71.19259,46.112393,5.479920,130,trace
a40,A40,71.24150,46.112283,5.480547,130,trace
a40,A40,71.29109,46.112207,5.481185,130,trace
a40,A40,71.34100,46.112170,5.481831,130,trace
a40,A40,71.39091,46.112157,5.482478,130,trace
a40,A40,71.44075,46.112167,5.483125,130,trace
a40,A40,71.49015,46.112212,5.483770,130,trace
a40,A40,71.53882,46.112289,5.484407,130,trace
a40,A40,71.58671,46.112395,5.485036,130,trace
a40,A40,71.63303,46.112544,5.485648,130,trace
a40,A40,71.67795,46.112719,5.486243,130,trace
a40,A40,71.72158,46.112918,5.486823,130,trace
a40,A40,71.76321,46.113148,5.487380,130,trace
a40,A40,71.79746,46.113411,5.487905,130,trace
a40,A40,71.83531,46.113695,5.488406,130,trace
a40,A40,71.88395,46.114002,5.488879,130,trace
a40,A40,71.93334,46.114334,5.489314,130,trace
a40,A40,71.98305,46.114682,5.489723,130,trace
a40,A40,72.03302,46.115045,5.490104,130,trace
a40,A40,72.08297,46.115435,5.490426,130,trace
a40,A40,72.13261,46.115836,5.490716,130,trace
a40,A40,72.18199,46.116246,5.490979,130,trace
a40,A40,72.23105,46.116663,5.491220,130,trace
a40,A40,72.28008,46.117081,5.491459,130,trace
a40,A40,72.32914,46.117497,5.491701,129,trace
a40,A40,72.37833,46.117912,5.491951,129,trace
a40,A40,72.42794,46.118316,5.492233,130,trace
a40,A40,72.47774,46.118713,5.492536,130,trace
a40,A40,72.52770,46.119101,5.492861,130,trace
a40,A40,72.57774,46.119476,5.493218,130,trace
a40,A40,72.62771,46.119842,5.493594,130,trace
a40,A40,72.67760,46.120198,5.493989,129,trace
a40,A40,72.72728,46.120541,5.494406,130,trace
a40,A40,72.77712,46.120883,5.494826,130,trace
a40,A40,72.82704,46.121225,5.495247,130,trace
a40,A40,72.87685,46.121568,5.495665,130,trace
a40,A40,72.92670,46.121913,5.496080,129,trace
a40,A40,72.97658,46.122262,5.496489,129,trace
a40,A40,73.02652,46.122616,5.496887,130,trace
a40,A40,73.07649,46.122979,5.497269,130,trace
a40,A40,73.12646,46.123347,5.497641,130,trace
a40,A40,73.17643,46.123719,5.498003,130,trace
a40,A40,73.22632,46.124099,5.498348,129,trace
a40,A40,73.27618,46.124482,5.498687,127,trace
a40,A40,73.32600,46.124867,5.499021,126,trace
a40,A40,73.37576,46.125255,5.499348,126,trace
a40,A40,73.42551,46.125644,5.499672,125,trace
a40,A40,73.47529,46.126031,5.500001,125,trace
a40,A40,73.52514,46.126414,5.500339,125,trace
a40,A40,73.57510,46.126785,5.500703,125,trace
a40,A40,73.62506,46.127147,5.501087,125,trace
a40,A40,73.67495,46.127498,5.501492,125,trace
a40,A40,73.72463,46.127832,5.501924,125,trace
a40,A40,73.77561,46.128149,5.502383,125,trace
a40,A40,73.82510,46.128452,5.502861,125,trace
a40,A40,73.87155,46.128741,5.503357,125,trace
a40,A40,73.91916,46.129006,5.503881,125,trace
a40,A40,73.96735,46.129254,5.504420,125,trace
a40,A40,74.01605,46.129488,5.504974,125,trace
a40,A40,74.06529,46.129701,5.505544,125,trace
a40,A40,74.11495,46.129889,5.506132,124,trace
a40,A40,74.16479,46.130060,5.506731,123,trace
a40,A40,74.21476,46.130213,5.507340,121,trace
a40,A40,74.26472,46.130338,5.507963,119,trace
a40,A40,74.31453,46.130442,5.508593,118,trace
a40,A40,74.36410,46.130528,5.509229,118,trace
a40,A40,74.41339,46.130596,5.509869,117,trace
a40,A40,74.46241,46.130650,5.510513,117,trace
a40,A40,74.51123,46.130696,5.511158,116,trace
a40,A40,74.56001,46.130740,5.511803,116,trace
a40,A40,74.60883,46.130786,5.512447,116,trace
a40,A40,74.65780,46.130838,5.513091,115,trace
a40,A40,74.69127,46.130874,5.513531,115,trace
a40,A40,74.78100,46.131028,5.514683,,pr
a40,A40,75.31413,46.132488,5.521695,115,trace
a40,A40,75.36106,46.132861,5.522055,115,trace
a40,A40,75.40800,46.133235,5.522416,115,trace
a40,A40,75.45494,46.133608,5.522776,115,trace
a40,A40,75.50021,46.134001,5.523089,115,trace
a40,A40,75.54488,46.134400,5.523386,115,trace
a40,A40,75.58927,46.134802,5.523676,115,trace
a40,A40,75.63339,46.135206,5.523959,115,trace
a40,A40,75.67875,46.135598,5.524274,115,trace
a40,A40,75.72219,46.135975,5.524627,115,trace
a40,A40,75.76306,46.136333,5.525016,115,trace
a40,A40,75.80201,46.136669,5.525444,115,trace
a40,A40,75.84465,46.136966,5.525931,115,trace
a40,A40,75.88993,46.137222,5.526463,115,trace
a40,A40,75.93669,46.137449,5.527021,115,trace
a40,A40,75.98468,46.137644,5.527603,115,trace
a40,A40,76.03396,46.137796,5.528214,115,trace
a40,A40,76.08386,46.137899,5.528844,115,trace
a40,A40,76.13336,46.137933,5.529487,115,trace
a40,A40,76.18250,46.137927,5.530135,115,trace
a40,A40,76.23128,46.137905,5.530782,115,trace
a40,A40,76.27879,46.137840,5.531423,115,trace
a40,A40,76.32572,46.137759,5.532061,115,trace
a40,A40,76.37247,46.137673,5.532697,115,trace
a40,A40,76.41916,46.137587,5.533333,115,trace
a40,A40,76.46580,46.137498,5.533969,115,trace
a40,A40,76.51238,46.137409,5.534604,115,trace
a40,A40,76.55889,46.137318,5.535239,115,trace
a40,A40,76.60745,46.137221,5.535872,115,trace
a40,A40,76.65833,46.137114,5.536501,115,trace
a40,A40,76.70474,46.136986,5.537122,115,trace
a40,A40,76.75219,46.136832,5.537731,118,trace
a40,A40,76.80046,46.136653,5.538325,122,trace
a40,A40,76.84936,46.136453,5.538904,125,trace
a40,A40,76.89888,46.136224,5.539463,122,trace
a40,A40,76.94874,46.135966,5.539992,120,trace
a40,A40,76.99869,46.135690,5.540503,118,trace
a40,A40,77.04860,46.135397,5.540994,116,trace
a40,A40,77.09830,46.135082,5.541457,115,trace
a40,A40,77.14783,46.134759,5.541907,114,trace
a40,A40,77.19724,46.134431,5.542350,114,trace
a40,A40,77.24658,46.134100,5.542788,115,trace
a40,A40,77.29590,46.133768,5.543225,115,trace
a40,A40,77.34498,46.133429,5.543648,115,trace
a40,A40,77.39407,46.133089,5.544073,115,trace
a40,A40,77.44324,46.132752,5.544501,115,trace
a40,A40,77.49249,46.132418,5.544934,115,trace
a40,A40,77.54180,46.132085,5.545370,115,trace
a40,A40,77.59124,46.131759,5.545815,115,trace
a40,A40,77.63765,46.131441,5.546272,115,trace
a40,A40,77.68346,46.131135,5.546747,115,trace
a40,A40,77.73130,46.130846,5.547243,115,trace
a40,A40,77.77998,46.130579,5.547764,115,trace
a40,A40,77.82925,46.130335,5.548308,115,trace
a40,A40,77.87886,46.130108,5.548867,115,trace
a40,A40,77.92869,46.129897,5.549439,115,trace
a40,A40,77.97867,46.129702,5.550023,115,trace
a40,A40,78.02870,46.129523,5.550617,115,trace
a40,A40,78.07871,46.129355,5.551218,115,trace
a40,A40,78.12869,46.129197,5.551824,115,trace
a40,A40,78.17863,46.129046,5.552435,115,trace
a40,A40,78.22852,46.128901,5.553048,115,trace
a40,A40,78.27835,46.128762,5.553665,115,trace
a40,A40,78.32815,46.128626,5.554282,115,trace
a40,A40,78.37791,46.128493,5.554901,115,trace
a40,A40,78.42762,46.128365,5.555522,115,trace
a40,A40,78.47731,46.128238,5.556144,115,trace
a40,A40,78.52684,46.128121,5.556770,115,trace
a40,A40,78.57212,46.128011,5.557398,115,trace
a40,A40,78.61478,46.127905,5.558028,115,trace
a40,A40,78.66392,46.127803,5.558659,115,trace
a40,A40,78.71318,46.127706,5.559292,115,trace
a40,A40,78.76258,46.127618,5.559927,115,trace
a40,A40,78.81213,46.127538,5.560565,115,trace
a40,A40,78.86180,46.127468,5.561205,115,trace
a40,A40,78.91158,46.127406,5.561847,115,trace
a40,A40,78.96151,46.127363,5.562492,115,trace
a40,A40,79.01148,46.127342,5.563139,115,trace
a40,A40,79.06140,46.127345,5.563787,115,trace
a40,A40,79.11116,46.127369,5.564434,115,trace
a40,A40,79.16060,46.127418,5.565078,115,trace
a40,A40,79.20985,46.127476,5.565721,115,trace
a40,A40,79.25895,46.127542,5.566362,115,trace
a40,A40,79.30793,46.127614,5.567001,116,trace
a40,A40,79.35685,46.127687,5.567641,116,trace
a40,A40,79.40642,46.127726,5.568286,116,trace
a40,A40,79.45629,46.127729,5.568933,116,trace
a40,A40,79.50601,46.127695,5.569579,116,trace
a40,A40,79.55517,46.127627,5.570219,116,trace
a40,A40,79.60416,46.127532,5.570852,115,trace
a40,A40,79.65294,46.127428,5.571483,115,trace
a40,A40,79.70171,46.127324,5.572113,115,trace
a40,A40,79.75056,46.127223,5.572745,115,trace
a40,A40,79.79955,46.127128,5.573378,115,trace
a40,A40,79.84888,46.127049,5.574016,115,trace
a40,A40,79.89842,46.126984,5.574657,115,trace
a40,A40,79.94817,46.126936,5.575301,115,trace
a40,A40,79.99810,46.126911,5.575948,115,trace
a40,A40,80.04809,46.126912,5.576596,115,trace
a40,A40,80.09795,46.126937,5.577243,115,trace
a40,A40,80.14774,46.126971,5.577889,115,trace
a40,A40,80.19753,46.127006,5.578535,115,trace
a40,A40,80.24720,46.127048,5.579180,115,trace
a40,A40,80.29636,46.127123,5.579819,115,trace
a40,A40,80.34512,46.127217,5.580453,115,trace
a40,A40,80.39236,46.127359,5.581068,115,trace
a40,A40,80.43963,46.127499,5.581683,115,trace
a40,A40,80.48745,46.127625,5.582305,115,trace
a40,A40,80.53460,46.127760,5.582923,115,trace
a40,A40,80.58422,46.127909,5.583535,115,trace
a40,A40,80.63420,46.128067,5.584141,115,trace
a40,A40,80.68413,46.128236,5.584742,115,trace
a40,A40,80.73398,46.128416,5.585336,115,trace
a40,A40,80.78373,46.128604,5.585924,115,trace
a40,A40,80.83337,46.128802,5.586506,115,trace
a40,A40,80.88282,46.129010,5.587080,115,trace
a40,A40,80.93210,46.129228,5.587647,115,trace
a40,A40,80.98113,46.129456,5.588205,115,trace
a40,A40,81.03000,46.129690,5.588758,115,trace
a40,A40,81.07868,46.129930,5.589306,115,trace
a40,A40,81.12722,46.130176,5.589849,115,trace
a40,A40,81.17559,46.130426,5.590387,115,trace
a40,A40,81.22383,46.130680,5.590921,115,trace
a40,A40,81.27199,46.130936,5.591453,115,trace
a40,A40,81.32013,46.131193,5.591985,115,trace
a40,A40,81.36828,46.131450,5.592517,115,trace
a40,A40,81.41642,46.131707,5.593049,115,trace
a40,A40,81.46446,46.131966,5.593578,115,trace
a40,A40,81.51256,46.132224,5.594108,115,trace
a40,A40,81.60547,46.132482,5.594638,115,trace
a40,A40,81.68520,46.132741,5.595169,115,trace
a40,A40,81.73482,46.132999,5.595699,115,trace
a40,A40,81.78445,46.133256,5.596230,115,trace
a40,A40,81.83407,46.133514,5.596761,115,trace
a40,A40,81.88369,46.133771,5.597292,115,trace
a40,A40,81.93330,46.134029,5.597824,115,trace
a40,A40,81.98292,46.134286,5.598355,115,trace
a40,A40,82.03257,46.134545,5.598884,115,trace
a40,A40,82.08217,46.134802,5.599416,115,trace
a40,A40,82.13177,46.135058,5.599949,115,trace
a40,A40,82.18139,46.135315,5.600480,115,trace
a40,A40,82.23101,46.135573,5.601011,115,trace
a40,A40,82.28062,46.135830,5.601542,115,trace
a40,A40,82.33024,46.136087,5.602073,115,trace
a40,A40,82.37983,46.136343,5.602606,115,trace
a40,A40,82.42946,46.136601,5.603137,115,trace
a40,A40,82.47909,46.136859,5.603668,115,trace
a40,A40,82.52871,46.137116,5.604199,115,trace
a40,A40,82.57458,46.137374,5.604729,115,trace
a40,A40,82.62093,46.137632,5.605260,115,trace
a40,A40,82.67093,46.137890,5.605791,115,trace
a40,A40,82.72094,46.138147,5.606322,115,trace
a40,A40,82.77094,46.138405,5.606853,115,trace
a40,A40,82.82094,46.138660,5.607386,115,trace
a40,A40,82.87094,46.138918,5.607918,115,trace
a40,A40,82.92093,46.139171,5.608453,115,trace
a40,A40,82.97092,46.139422,5.608990,115,trace
a40,A40,83.02088,46.139670,5.609531,114,trace
a40,A40,83.04666,46.139797,5.609811,114,trace
a40,A40,83.46984,46.141667,5.614627,115,trace
a40,A40,83.51901,46.141858,5.615213,115,trace
a40,A40,83.57201,46.142018,5.615819,115,trace
a40,A40,83.62362,46.142154,5.616436,115,trace
a40,A40,83.67181,46.142274,5.617061,116,trace
a40,A40,83.72045,46.142379,5.617691,119,trace
a40,A40,83.76980,46.142451,5.618331,120,trace
a40,A40,83.81951,46.142496,5.618975,121,trace
a40,A40,83.86942,46.142510,5.619622,122,trace
a40,A40,83.91917,46.142462,5.620266,124,trace
a40,A40,83.96809,46.142371,5.620900,125,trace
a40,A40,84.01628,46.142252,5.621525,125,trace
a40,A40,84.06367,46.142108,5.622139,124,trace
a40,A40,84.11039,46.141947,5.622744,124,trace
a40,A40,84.15740,46.141793,5.623353,124,trace
a40,A40,84.20480,46.141650,5.623967,124,trace
a40,A40,84.25291,46.141527,5.624590,124,trace
a40,A40,84.30239,46.141466,5.625231,124,trace
a40,A40,84.35223,46.141453,5.625877,124,trace
a40,A40,84.40206,46.141485,5.626523,125,trace
a40,A40,84.45083,46.141584,5.627155,125,trace
a40,A40,84.49792,46.141732,5.627765,125,trace
a40,A40,84.54098,46.141920,5.628352,125,trace
a40,A40,84.57691,46.142150,5.628909,125,trace
a40,A40,84.62574,46.142441,5.629402,125,trace
a40,A40,84.67559,46.142758,5.629858,124,trace
a40,A40,84.72532,46.143101,5.630276,123,trace
a40,A40,84.77432,46.143475,5.630637,120,trace
a40,A40,84.82338,46.143847,5.631000,118,trace
a40,A40,84.87272,46.144208,5.631384,114,trace
a40,A40,84.92225,46.144563,5.631781,112,trace
a40,A40,84.97134,46.144934,5.632146,112,trace
a40,A40,85.02103,46.145282,5.632555,112,trace
a40,A40,85.07089,46.145618,5.632986,113,trace
a40,A40,85.12082,46.145940,5.633437,113,trace
a40,A40,85.17073,46.146248,5.633908,113,trace
a40,A40,85.22052,46.146539,5.634403,116,trace
a40,A40,85.27017,46.146819,5.634909,119,trace
a40,A40,85.31972,46.147094,5.635422,122,trace
a40,A40,85.36922,46.147365,5.635939,126,trace
a40,A40,85.41871,46.147636,5.636456,129,trace
a40,A40,85.46821,46.147908,5.636972,131,trace
a40,A40,85.51776,46.148190,5.637477,132,trace
a40,A40,85.56738,46.148487,5.637963,132,trace
a40,A40,85.61738,46.148806,5.638418,131,trace
a40,A40,85.66740,46.149130,5.638867,129,trace
a40,A40,85.71743,46.149458,5.639311,127,trace
a40,A40,85.76742,46.149795,5.639740,126,trace
a40,A40,85.81742,46.150129,5.640172,126,trace
a40,A40,85.86742,46.150458,5.640614,126,trace
a40,A40,85.91739,46.150767,5.641084,125,trace
a40,A40,85.96718,46.151061,5.641574,125,trace
a40,A40,86.01690,46.151349,5.642072,125,trace
a40,A40,86.06658,46.151635,5.642572,125,trace
a40,A40,86.11654,46.151943,5.643044,125,trace
a40,A40,86.16654,46.152266,5.643492,125,trace
a40,A40,86.21649,46.152605,5.643919,125,trace
a40,A40,86.26626,46.152959,5.644318,125,trace
a40,A40,86.31598,46.153316,5.644710,125,trace
a40,A40,86.36577,46.153668,5.645112,125,trace
a40,A40,86.41567,46.154013,5.645527,125,trace
a40,A40,86.46570,46.154341,5.645970,125,trace
a40,A40,86.51488,46.154663,5.646422,125,trace
a40,A40,86.56399,46.154982,5.646879,125,trace
a40,A40,86.61358,46.155299,5.647339,125,trace
a40,A40,86.66312,46.155613,5.647802,125,trace
a40,A40,86.71284,46.155938,5.648249,125,trace
a40,A40,86.76271,46.156275,5.648678,125,trace
a40,A40,86.81269,46.156629,5.649076,125,trace
a40,A40,86.86253,46.157001,5.649440,125,trace
a40,A40,86.91216,46.157383,5.649778,125,trace
a40,A40,86.96150,46.157777,5.650092,125,trace
a40,A40,87.01017,46.158184,5.650365,125,trace
a40,A40,87.05838,46.158598,5.650616,125,trace
a40,A40,87.10633,46.159015,5.650855,125,trace
a40,A40,87.15432,46.159432,5.651096,125,trace
a40,A40,87.20311,46.159837,5.651376,124,trace
a40,A40,87.25248,46.160225,5.651700,124,trace
a40,A40,87.30236,46.160593,5.652071,125,trace
a40,A40,87.35222,46.160927,5.652505,125,trace
a40,A40,87.40080,46.161211,5.653003,125,trace
a40,A40,87.44933,46.161444,5.653553,125,trace
a40,A40,87.49884,46.161611,5.654155,125,trace
a40,A40,87.54835,46.161778,5.654757,125,trace
a40,A40,87.57186,46.161858,5.655042,125,trace
a40,A40,87.91494,46.162282,5.659484,125,trace
a40,A40,87.96491,46.162419,5.660102,125,trace
a40,A40,88.01487,46.162556,5.660719,125,trace
a40,A40,88.06484,46.162693,5.661337,125,trace
a40,A40,88.11480,46.162830,5.661954,125,trace
a40,A40,88.16468,46.162978,5.662566,125,trace
a40,A40,88.21455,46.163129,5.663177,125,trace
a40,A40,88.26441,46.163280,5.663788,125,trace
a40,A40,88.31428,46.163430,5.664399,125,trace
a40,A40,88.36414,46.163581,5.665010,125,trace
a40,A40,88.41408,46.163723,5.665625,125,trace
a40,A40,88.46353,46.163867,5.666240,125,trace
a40,A40,88.51124,46.164013,5.666853,125,trace
a40,A40,88.55434,46.164162,5.667465,125,trace
a40,A40,88.60086,46.164313,5.668075,125,trace
a40,A40,88.64793,46.164463,5.668686,125,trace
a40,A40,88.69499,46.164613,5.669298,125,trace
a40,A40,88.74205,46.164763,5.669909,125,trace
a40,A40,88.78931,46.164919,5.670518,125,trace
a40,A40,88.83697,46.165085,5.671120,125,trace
a40,A40,88.88534,46.165272,5.671710,125,trace
a40,A40,88.93450,46.165488,5.672278,125,trace
a40,A40,88.98416,46.165737,5.672816,125,trace
a40,A40,89.03412,46.166016,5.673323,125,trace
a40,A40,89.08399,46.166326,5.673792,125,trace
a40,A40,89.13270,46.166678,5.674192,125,trace
a40,A40,89.18045,46.167052,5.674551,125,trace
a40,A40,89.22721,46.167441,5.674875,125,trace
a40,A40,89.27230,46.167848,5.675149,125,trace
a40,A40,89.31763,46.168252,5.675431,125,trace
a40,A40,89.36321,46.168655,5.675719,125,trace
a40,A40,89.40918,46.169053,5.676018,125,trace
a40,A40,89.45557,46.169438,5.676352,125,trace
a40,A40,89.49644,46.169809,5.676717,125,trace
a40,A40,89.53044,46.170162,5.677117,125,trace
a40,A40,89.56891,46.170476,5.677581,125,trace
a40,A40,89.60982,46.170762,5.678079,125,trace
a40,A40,89.65320,46.171013,5.678614,125,trace
a40,A40,89.69972,46.171211,5.679196,125,trace
a40,A40,89.74805,46.171360,5.679807,125,trace
a40,A40,89.79731,46.171450,5.680438,125,trace
a40,A40,89.84726,46.171482,5.681085,125,trace
a40,A40,89.89678,46.171459,5.681732,126,trace
a40,A40,89.94516,46.171388,5.682371,126,trace
a40,A40,89.99228,46.171277,5.682998,125,trace
a40,A40,90.03750,46.171120,5.683606,126,trace
a40,A40,90.08159,46.170942,5.684201,126,trace
a40,A40,90.12536,46.170758,5.684793,126,trace
a40,A40,90.16903,46.170573,5.685384,125,trace
a40,A40,90.21355,46.170403,5.685984,124,trace
a40,A40,90.25900,46.170251,5.686594,123,trace
a40,A40,90.30509,46.170113,5.687211,123,trace
a40,A40,90.35166,46.169985,5.687833,122,trace
a40,A40,90.41308,46.169852,5.688452,122,trace
a40,A40,90.46676,46.169703,5.689064,122,trace
a40,A40,90.51485,46.169539,5.689668,121,trace
a40,A40,90.56345,46.169359,5.690262,120,trace
a40,A40,90.61293,46.169141,5.690828,119,trace
a40,A40,90.66274,46.168891,5.691366,118,trace
a40,A40,90.71270,46.168615,5.691877,117,trace
a40,A40,90.76256,46.168316,5.692362,115,trace
a40,A40,90.81202,46.167995,5.692815,115,trace
a40,A40,90.86128,46.167666,5.693257,115,trace
a40,A40,90.91039,46.167333,5.693690,115,trace
a40,A40,90.95941,46.166995,5.694119,115,trace
a40,A40,91.00842,46.166658,5.694547,115,trace
a40,A40,91.05767,46.166329,5.694989,115,trace
a40,A40,91.10721,46.166012,5.695448,115,trace
a40,A40,91.15699,46.165710,5.695928,115,trace
a40,A40,91.20693,46.165423,5.696426,115,trace
a40,A40,91.25684,46.165173,5.696965,115,trace
a40,A40,91.30615,46.164961,5.697535,116,trace
a40,A40,91.34996,46.164788,5.698132,116,trace
a40,A40,91.38931,46.164657,5.698752,116,trace
a40,A40,91.43462,46.164577,5.699390,116,trace
a40,A40,91.48204,46.164549,5.700037,116,trace
a40,A40,91.53086,46.164575,5.700682,116,trace
a40,A40,91.58054,46.164645,5.701322,116,trace
a40,A40,91.63049,46.164747,5.701953,116,trace
a40,A40,91.68044,46.164878,5.702574,116,trace
a40,A40,91.73027,46.165024,5.703186,115,trace
a40,A40,91.77997,46.165183,5.703793,115,trace
a40,A40,91.82952,46.165353,5.704393,115,trace
a40,A40,91.87881,46.165537,5.704985,115,trace
a40,A40,91.92795,46.165729,5.705571,115,trace
a40,A40,91.97698,46.165926,5.706154,115,trace
a40,A40,92.02594,46.166125,5.706735,115,trace
a40,A40,92.07487,46.166325,5.707316,115,trace
a40,A40,92.12412,46.166512,5.707905,115,trace
a40,A40,92.17378,46.166673,5.708511,115,trace
a40,A40,92.22366,46.166808,5.709129,115,trace
a40,A40,92.27359,46.166914,5.709758,115,trace
a40,A40,92.32334,46.166985,5.710398,115,trace
a40,A40,92.37440,46.167044,5.711041,115,trace
a40,A40,92.42476,46.167112,5.711682,115,trace
a40,A40,92.47471,46.167196,5.712319,115,trace
a40,A40,92.52453,46.167299,5.712950,115,trace
a40,A40,92.57410,46.167422,5.713574,115,trace
a40,A40,92.62352,46.167554,5.714194,115,trace
a40,A40,92.67305,46.167679,5.714817,115,trace
a40,A40,92.72279,46.167788,5.715446,115,trace
a40,A40,92.77274,46.167875,5.716082,115,trace
a40,A40,92.82264,46.167905,5.716729,115,trace
a40,A40,92.87196,46.167896,5.717377,115,trace
a40,A40,92.92070,46.167858,5.718022,115,trace
a40,A40,92.96897,46.167802,5.718666,115,trace
a40,A40,93.01709,46.167741,5.719308,115,trace
a40,A40,93.06576,46.167700,5.719954,115,trace
a40,A40,93.11505,46.167688,5.720602,115,trace
a40,A40,93.16481,46.167712,5.721248,115,trace
a40,A40,93.21482,46.167774,5.721891,115,trace
a40,A40,93.26463,46.167879,5.722521,115,trace
a40,A40,93.30970,46.168017,5.723138,115,trace
a40,A40,93.35690,46.168178,5.723743,115,trace
a40,A40,93.40675,46.168355,5.724339,115,trace
a40,A40,93.45648,46.168545,5.724927,115,trace
a40,A40,93.50604,46.168748,5.725505,115,trace
a40,A40,93.55559,46.168950,5.726084,115,trace
a40,A40,93.60513,46.169154,5.726662,115,trace
a40,A40,93.65470,46.169355,5.727242,115,trace
a40,A40,93.70449,46.169539,5.727834,115,trace
a40,A40,93.75442,46.169703,5.728437,115,trace
a40,A40,93.80434,46.169843,5.729053,115,trace
a40,A40,93.85414,46.169959,5.729679,115,trace
a40,A40,93.90376,46.170058,5.730312,115,trace
a40,A40,93.95300,46.170133,5.730952,115,trace
a40,A40,94.00193,46.170193,5.731594,115,trace
a40,A40,94.05064,46.170244,5.732239,115,trace
a40,A40,94.09907,46.170285,5.732884,115,trace
a40,A40,94.14682,46.170303,5.733532,115,trace
a40,A40,94.19459,46.170322,5.734180,115,trace
a40,A40,94.24264,46.170349,5.734828,115,trace
a40,A40,94.31906,46.170378,5.735475,115,trace
a40,A40,94.38581,46.170407,5.736122,115,trace
a40,A40,94.43513,46.170437,5.736769,115,trace
a40,A40,94.48445,46.170467,5.737416,115,trace
a40,A40,94.53380,46.170495,5.738064,115,trace
a40,A40,94.58311,46.170525,5.738711,115,trace
a40,A40,94.63240,46.170557,5.739358,115,trace
a40,A40,94.68171,46.170587,5.740005,115,trace
a40,A40,94.73110,46.170613,5.740652,115,trace
a40,A40,94.78040,46.170643,5.741300,115,trace
a40,A40,94.82976,46.170671,5.741947,115,trace
a40,A40,94.87920,46.170694,5.742595,115,trace
a40,A40,94.92875,46.170710,5.743243,115,trace
a40,A40,94.97846,46.170713,5.743891,115,trace
a40,A40,95.02840,46.170675,5.744537,115,trace
a40,A40,95.07838,46.170627,5.745182,115,trace
a40,A40,95.12837,46.170579,5.745827,115,trace
a40,A40,95.17828,46.170525,5.746470,115,trace
a40,A40,95.22734,46.170397,5.747091,115,trace
a40,A40,95.28892,46.170236,5.747697,115,trace
a40,A40,95.32298,46.170147,5.748013,115,trace
a40,A40,96.29100,46.164430,5.757470,,pr
a40,A40,97.27800,46.160731,5.769103,,pr
a40,A40,98.22200,46.159184,5.781150,,pr
a40,A40,99.23400,46.152151,5.789463,,pr
a40,A40,99.43700,46.150634,5.790918,,pr
a40,A40,100.20000,46.144360,5.794887,,pr
a40,A40,101.18800,46.135665,5.797480,,pr
a40,A40,102.19100,46.126683,5.798588,,pr
a40,A40,103.19400,46.117742,5.797039,,pr
a40,A40,104.14300,46.109638,5.800842,,pr
a40,A40,105.13600,46.105333,5.812113,,pr
a40,A40,106.13700,46.102722,5.824531,,pr
a40,A40,107.07100,46.094765,5.828367,,pr
a40,A40,108.04200,46.087287,5.834822,,pr
a40,A40,109.01900,46.080436,5.842746,,pr
a40,A40,109.31702,46.077693,5.843366,115,trace
a40,A40,109.36544,46.077250,5.843477,115,trace
a40,A40,109.41469,46.076816,5.843642,115,trace
a40,A40,109.46432,46.076387,5.843833,115,trace
a40,A40,109.51407,46.075961,5.844037,115,trace
a40,A40,109.56402,46.075542,5.844271,115,trace
a40,A40,109.61405,46.075135,5.844542,115,trace
a40,A40,109.66391,46.074740,5.844851,115,trace
a40,A40,109.71347,46.074360,5.845195,115,trace
a40,A40,109.76261,46.073994,5.845569,115,trace
a40,A40,109.81097,46.073646,5.845979,115,trace
a40,A40,109.85839,46.073318,5.846421,115,trace
a40,A40,109.90485,46.073007,5.846888,115,trace
a40,A40,109.94931,46.072714,5.847378,116,trace
a40,A40,109.98862,46.072443,5.847894,116,trace
a40,A40,110.03730,46.072199,5.848437,115,trace
a40,A40,110.08709,46.071979,5.849001,115,trace
a40,A40,110.13704,46.071781,5.849582,115,trace
a40,A40,110.18701,46.071601,5.850175,115,trace
a40,A40,110.23685,46.071443,5.850781,115,trace
a40,A40,110.28652,46.071299,5.851394,116,trace
a40,A40,110.33616,46.071159,5.852009,116,trace
a40,A40,110.38583,46.071016,5.852623,115,trace
a40,A40,110.43553,46.070871,5.853236,115,trace
a40,A40,110.48531,46.070719,5.853845,115,trace
a40,A40,110.53517,46.070558,5.854449,115,trace
a40,A40,110.58510,46.070386,5.855047,115,trace
a40,A40,110.63508,46.070200,5.855637,115,trace
a40,A40,110.68505,46.070001,5.856217,115,trace
a40,A40,110.73496,46.069790,5.856788,115,trace
a40,A40,110.78480,46.069571,5.857353,115,trace
a40,A40,110.83458,46.069346,5.857914,115,trace
a40,A40,110.88434,46.069119,5.858472,115,trace
a40,A40,110.93412,46.068893,5.859032,115,trace
a40,A40,110.98317,46.068669,5.859593,115,trace
a40,A40,111.03217,46.068447,5.860156,115,trace
a40,A40,111.08151,46.068232,5.860724,116,trace
a40,A40,111.13105,46.068026,5.861300,118,trace
a40,A40,111.18084,46.067840,5.861889,119,trace
a40,A40,111.23074,46.067669,5.862487,120,trace
a40,A40,111.28070,46.067512,5.863093,121,trace
a40,A40,111.33066,46.067373,5.863709,123,trace
a40,A40,111.38055,46.067248,5.864331,125,trace
a40,A40,111.43039,46.067128,5.864955,127,trace
a40,A40,111.48021,46.067012,5.865580,128,trace
a40,A40,111.52999,46.066899,5.866207,129,trace
a40,A40,111.57978,46.066786,5.866833,129,trace
a40,A40,111.62958,46.066671,5.867459,129,trace
a40,A40,111.67943,46.066551,5.868082,130,trace
a40,A40,111.72933,46.066423,5.868703,130,trace
a40,A40,111.77926,46.066290,5.869321,130,trace
a40,A40,111.82923,46.066148,5.869935,130,trace
a40,A40,111.87921,46.065997,5.870545,130,trace
a40,A40,111.92989,46.065837,5.871150,130,trace
a40,A40,111.98146,46.065668,5.871750,130,trace
a40,A40,112.03071,46.065478,5.872336,130,trace
a40,A40,112.08011,46.065280,5.872917,130,trace
a40,A40,112.12967,46.065074,5.873492,130,trace
a40,A40,112.17944,46.064854,5.874057,130,trace
a40,A40,112.22930,46.064624,5.874612,130,trace
a40,A40,112.27923,46.064383,5.875158,130,trace
a40,A40,112.32922,46.064121,5.875685,130,trace
a40,A40,112.37921,46.063860,5.876211,130,trace
a40,A40,112.42921,46.063598,5.876737,130,trace
a40,A40,112.47910,46.063321,5.877247,130,trace
a40,A40,112.52893,46.063035,5.877745,130,trace
a40,A40,112.57876,46.062748,5.878244,130,trace
a40,A40,112.62858,46.062462,5.878742,130,trace
a40,A40,112.67842,46.062176,5.879242,130,trace
a40,A40,112.72829,46.061893,5.879745,130,trace
a40,A40,112.77816,46.061610,5.880247,130,trace
a40,A40,112.82802,46.061328,5.880750,130,trace
a40,A40,112.87793,46.061049,5.881258,130,trace
a40,A40,112.92710,46.060777,5.881772,129,trace
a40,A40,112.97405,46.060516,5.882299,130,trace
a40,A40,113.02183,46.060265,5.882836,130,trace
a40,A40,113.06997,46.060021,5.883380,130,trace
a40,A40,113.11838,46.059786,5.883931,129,trace
a40,A40,113.16738,46.059570,5.884499,129,trace
a40,A40,113.21655,46.059361,5.885072,129,trace
a40,A40,113.26588,46.059160,5.885650,130,trace
a40,A40,113.31560,46.058981,5.886244,130,trace
a40,A40,113.36550,46.058821,5.886848,130,trace
a40,A40,113.41549,46.058673,5.887459,130,trace
a40,A40,113.46552,46.058532,5.888074,130,trace
a40,A40,113.51551,46.058414,5.888698,130,trace
a40,A40,113.56549,46.058304,5.889326,130,trace
a40,A40,113.61546,46.058195,5.889954,130,trace
a40,A40,113.66484,46.058132,5.890594,130,trace
a40,A40,113.71408,46.058079,5.891237,130,trace
a40,A40,113.76326,46.058029,5.891880,130,trace
a40,A40,113.81199,46.057998,5.892526,130,trace
a40,A40,113.86036,46.057980,5.893172,130,trace
a40,A40,113.90744,46.057976,5.893819,130,trace
a40,A40,113.94666,46.058002,5.894466,130,trace
a40,A40,113.98849,46.058045,5.895110,130,trace
a40,A40,114.03194,46.058105,5.895751,130,trace
a40,A40,114.07663,46.058187,5.896387,130,trace
a40,A40,114.12272,46.058300,5.897013,129,trace
a40,A40,114.16958,46.058430,5.897632,129,trace
a40,A40,114.21716,46.058580,5.898243,129,trace
a40,A40,114.26567,46.058757,5.898837,129,trace
a40,A40,114.31468,46.058955,5.899418,129,trace
a40,A40,114.36415,46.059173,5.899983,129,trace
a40,A40,114.41405,46.059422,5.900522,129,trace
a40,A40,114.46397,46.059696,5.901033,129,trace
a40,A40,114.51380,46.059992,5.901520,129,trace
a40,A40,114.56328,46.060311,5.901975,129,trace
a40,A40,114.61186,46.060658,5.902385,129,trace
a40,A40,114.65954,46.061023,5.902761,129,trace
a40,A40,114.70610,46.061406,5.903099,130,trace
a40,A40,114.75085,46.061809,5.903386,128,trace
a40,A40,114.79441,46.062220,5.903644,125,trace
a40,A40,114.83568,46.062641,5.903870,122,trace
a40,A40,114.86882,46.063072,5.904053,119,trace
a40,A40,114.91384,46.063510,5.904194,115,trace
a40,A40,114.96223,46.063953,5.904297,112,trace
a40,A40,115.01128,46.064399,5.904363,110,trace
a40,A40,115.06084,46.064848,5.904389,109,trace
a40,A40,115.11072,46.065297,5.904378,108,trace
a40,A40,115.16070,46.065744,5.904317,107,trace
a40,A40,115.21057,46.066188,5.904216,106,trace
a40,A40,115.26019,46.066626,5.904080,106,trace
a40,A40,115.30942,46.067060,5.903911,106,trace
a40,A40,115.35813,46.067486,5.903708,106,trace
a40,A40,115.40626,46.067906,5.903477,105,trace
a40,A40,115.45435,46.068325,5.903244,105,trace
a40,A40,115.50288,46.068749,5.903031,105,trace
a40,A40,115.55201,46.069181,5.902856,105,trace
a40,A40,115.60167,46.069621,5.902729,105,trace
a40,A40,115.65161,46.070067,5.902656,105,trace
a40,A40,115.70150,46.070515,5.902635,105,trace
a40,A40,115.75087,46.070963,5.902679,105,trace
a40,A40,115.79895,46.071405,5.902799,106,trace
a40,A40,115.85186,46.071838,5.902967,106,trace
a40,A40,115.90354,46.072261,5.903182,106,trace
a40,A40,115.95349,46.072675,5.903433,106,trace
a40,A40,116.00347,46.073082,5.903707,106,trace
a40,A40,116.05342,46.073484,5.903997,106,trace
a40,A40,116.10330,46.073880,5.904301,106,trace
a40,A40,116.15306,46.074270,5.904623,106,trace
a40,A40,116.20267,46.074654,5.904959,106,trace
a40,A40,116.25221,46.075035,5.905302,106,trace
a40,A40,116.30168,46.075414,5.905649,106,trace
a40,A40,116.35109,46.075790,5.906002,106,trace
a40,A40,116.40050,46.076167,5.906355,106,trace
a40,A40,116.45001,46.076547,5.906700,105,trace
a40,A40,116.49967,46.076933,5.907031,106,trace
a40,A40,116.54954,46.077330,5.907334,106,trace
a40,A40,116.59950,46.077738,5.907602,106,trace
a40,A40,116.64937,46.078158,5.907832,106,trace
a40,A40,116.69895,46.078587,5.908022,105,trace
a40,A40,116.74801,46.079024,5.908170,105,trace
a40,A40,116.79622,46.079468,5.908270,97,trace
a40,A40,116.84243,46.079915,5.908328,91,trace
a40,A40,116.88861,46.080364,5.908322,86,trace
a40,A40,116.93419,46.080812,5.908291,80,trace
a40,A40,116.94312,46.080902,5.908279,80,trace
a40,A40,116.95206,46.080991,5.908268,79,trace
a40,A40,116.96097,46.081081,5.908255,78,trace
a40,A40,116.96987,46.081170,5.908242,77,trace
a40,A40,116.97874,46.081259,5.908229,76,trace
a40,A40,116.98759,46.081349,5.908215,75,trace
a40,A40,116.99644,46.081438,5.908200,74,trace
a40,A40,117.00528,46.081527,5.908186,73,trace
a40,A40,117.01416,46.081617,5.908172,71,trace
a40,A40,117.02307,46.081706,5.908160,70,trace
a40,A40,117.03200,46.081796,5.908148,69,trace
a40,A40,117.04094,46.081885,5.908136,68,trace
a40,A40,117.04994,46.081975,5.908126,67,trace
a40,A40,117.05898,46.082064,5.908118,66,trace
a40,A40,117.06804,46.082154,5.908110,65,trace
a40,A40,117.07712,46.082244,5.908102,63,trace
a40,A40,117.08624,46.082333,5.908096,62,trace
a40,A40,117.09538,46.082423,5.908090,61,trace
a40,A40,117.10458,46.082513,5.908087,59,trace
a40,A40,117.11383,46.082603,5.908085,58,trace
a40,A40,117.12312,46.082692,5.908084,56,trace
a40,A40,117.13249,46.082782,5.908086,55,trace
a40,A40,117.14189,46.082872,5.908090,54,trace
a40,A40,117.15135,46.082962,5.908095,53,trace
a40,A40,117.16104,46.083051,5.908111,51,trace
a40,A40,117.17078,46.083140,5.908130,50,trace
a40,A40,117.18057,46.083228,5.908152,49,trace
a40,A40,117.19044,46.083316,5.908180,47,trace
a40,A40,117.20031,46.083404,5.908207,46,trace
a40,A40,117.21016,46.083492,5.908233,45,trace
a40,A40,117.21997,46.083580,5.908256,44,trace
a40,A40,117.22968,46.083669,5.908274,42,trace
a40,A40,117.23943,46.083758,5.908293,40,trace
a40,A40,117.24919,46.083847,5.908313,39,trace
a40,A40,117.25893,46.083936,5.908332,38,trace
a40,A40,117.26871,46.084024,5.908353,36,trace
a40,A40,117.27850,46.084113,5.908375,35,trace
a40,A40,117.28839,46.084200,5.908407,36,trace
a40,A40,117.29838,46.084285,5.908449,38,trace
a40,A40,117.30835,46.084371,5.908486,39,trace
a40,A40,117.31831,46.084457,5.908523,40,trace
a40,A40,117.32826,46.084543,5.908558,41,trace
a40,A40,117.33821,46.084630,5.908593,42,trace
a40,A40,117.34816,46.084716,5.908628,43,trace
a40,A40,117.35811,46.084803,5.908663,43,trace
a40,A40,117.36806,46.084889,5.908700,44,trace
a40,A40,117.37806,46.084972,5.908747,43,trace
a40,A40,117.38806,46.085056,5.908795,43,trace
a40,A40,117.39806,46.085139,5.908845,43,trace
a40,A40,117.40805,46.085221,5.908898,43,trace
a40,A40,117.41803,46.085302,5.908952,43,trace
a40,A40,117.42800,46.085383,5.909009,43,trace
a40,A40,117.43794,46.085462,5.909069,44,trace
a40,A40,117.44787,46.085541,5.909131,44,trace
a40,A40,117.45779,46.085620,5.909193,44,trace
a40,A40,117.46769,46.085699,5.909257,44,trace
a40,A40,117.47758,46.085776,5.909322,43,trace
a40,A40,117.48743,46.085853,5.909389,43,trace
a40,A40,117.49725,46.085929,5.909458,42,trace
a40,A40,117.50706,46.086005,5.909528,41,trace
a40,A40,117.51682,46.086079,5.909601,40,trace
a40,A40,117.52654,46.086153,5.909675,39,trace
a40,A40,117.53624,46.086226,5.909750,39,trace
a40,A40,117.54588,46.086298,5.909828,38,trace
a40,A40,117.55549,46.086369,5.909907,37,trace
a40,A40,117.56505,46.086439,5.909987,36,trace
a40,A40,117.57457,46.086509,5.910069,36,trace
a40,A40,117.58406,46.086578,5.910152,36,trace
a40,A40,117.59352,46.086646,5.910236,38,trace
a40,A40,117.60292,46.086713,5.910322,39,trace
a40,A40,117.61228,46.086780,5.910408,41,trace
a40,A40,117.62156,46.086845,5.910497,42,trace
a40,A40,117.63076,46.086910,5.910588,42,trace
a40,A40,117.63992,46.086973,5.910680,42,trace
a40,A40,117.64902,46.087035,5.910773,43,trace
a40,A40,117.65807,46.087097,5.910867,44,trace
a40,A40,117.66706,46.087158,5.910963,44,trace
a40,A40,117.67597,46.087217,5.911060,45,trace
a40,A40,117.68483,46.087276,5.911157,45,trace
a40,A40,117.69364,46.087334,5.911256,45,trace
a40,A40,117.70235,46.087391,5.911357,46,trace
a40,A40,117.71099,46.087447,5.911458,46,trace
a40,A40,117.71950,46.087501,5.911562,46,trace
a40,A40,117.72791,46.087553,5.911667,46,trace
a40,A40,117.73626,46.087605,5.911773,46,trace
a40,A40,117.74455,46.087656,5.911879,46,trace
a40,A40,117.75276,46.087706,5.911987,46,trace
a40,A40,117.76091,46.087755,5.912096,46,trace
a40,A40,117.76892,46.087802,5.912206,46,trace
a40,A40,117.77686,46.087848,5.912317,46,trace
a40,A40,117.78470,46.087894,5.912429,45,trace
a40,A40,117.79244,46.087938,5.912542,44,trace
a40,A40,117.80011,46.087981,5.912655,44,trace
a40,A40,117.80767,46.088022,5.912770,43,trace
a40,A40,117.81512,46.088063,5.912886,42,trace
a40,A40,117.82896,46.088102,5.913002,42,trace
a40,A40,117.86423,46.088140,5.913119,42,trace
a40,A40,117.88195,46.088177,5.913237,42,trace
a40,A40,117.89126,46.088214,5.913355,42,trace
a40,A40,117.90061,46.088250,5.913474,42,trace
a40,A40,117.91002,46.088285,5.913594,42,trace
a40,A40,117.91946,46.088318,5.913714,42,trace
a40,A40,117.92896,46.088351,5.913835,42,trace
a40,A40,117.93848,46.088382,5.913956,42,trace
a40,A40,117.94802,46.088413,5.914077,42,trace
a40,A40,117.95759,46.088444,5.914199,42,trace
a40,A40,117.96716,46.088474,5.914321,42,trace
a40,A40,117.97678,46.088503,5.914444,42,trace
a40,A40,117.98643,46.088530,5.914567,42,trace
a40,A40,117.99609,46.088558,5.914690,43,trace
a40,A40,118.00577,46.088585,5.914814,44,trace
a40,A40,118.01546,46.088611,5.914938,44,trace
a40,A40,118.02514,46.088638,5.915062,44,trace
a40,A40,118.03487,46.088663,5.915186,44,trace
a40,A40,118.04461,46.088688,5.915310,44,trace
a40,A40,118.05434,46.088712,5.915435,45,trace
a40,A40,118.06409,46.088737,5.915560,46,trace
a40,A40,118.07384,46.088761,5.915684,46,trace
a40,A40,118.08361,46.088784,5.915809,47,trace
a40,A40,118.09341,46.088807,5.915935,47,trace
a40,A40,118.10321,46.088829,5.916060,47,trace
a40,A40,118.11303,46.088850,5.916186,47,trace
a40,A40,118.12286,46.088871,5.916312,47,trace
a40,A40,118.13268,46.088892,5.916438,47,trace
a40,A40,118.14253,46.088912,5.916564,47,trace
a40,A40,118.15238,46.088932,5.916691,47,trace
a40,A40,118.16223,46.088952,5.916817,46,trace
a40,A40,118.17210,46.088971,5.916943,46,trace
a40,A40,118.18197,46.088990,5.917070,46,trace
a40,A40,118.19185,46.089008,5.917197,46,trace
a40,A40,118.20174,46.089026,5.917324,46,trace
a40,A40,118.21163,46.089044,5.917451,46,trace
a40,A40,118.22154,46.089060,5.917578,46,trace
a40,A40,118.23145,46.089077,5.917706,46,trace
a40,A40,118.24136,46.089093,5.917833,46,trace
a40,A40,118.25128,46.089109,5.917960,47,trace
a40,A40,118.26121,46.089124,5.918088,47,trace
a40,A40,118.27115,46.089139,5.918216,47,trace
a40,A40,118.28109,46.089152,5.918344,48,trace
a40,A40,118.29104,46.089166,5.918472,48,trace
a40,A40,118.30099,46.089180,5.918600,48,trace
a40,A40,118.31095,46.089193,5.918728,48,trace
a40,A40,118.32091,46.089205,5.918856,48,trace
a40,A40,118.33087,46.089218,5.918985,48,trace
a40,A40,118.34084,46.089229,5.919113,48,trace
a40,A40,118.35081,46.089241,5.919242,48,trace
a40,A40,118.36079,46.089252,5.919370,48,trace
a40,A40,118.37077,46.089261,5.919499,48,trace
a40,A40,118.38076,46.089271,5.919628,48,trace
a40,A40,118.39075,46.089280,5.919757,48,trace
a40,A40,118.40074,46.089288,5.919886,48,trace
a40,A40,118.41074,46.089296,5.920015,48,trace
a40,A40,118.42073,46.089304,5.920144,48,trace
a40,A40,118.43073,46.089312,5.920273,48,trace
a40,A40,118.44073,46.089319,5.920402,48,trace
a40,A40,118.45073,46.089326,5.920531,48,trace
a40,A40,118.46073,46.089332,5.920660,48,trace
a40,A40,118.47073,46.089338,5.920789,48,trace
a40,A40,118.48073,46.089343,5.920919,47,trace
a40,A40,118.49073,46.089347,5.921048,47,trace
a40,A40,118.50074,46.089351,5.921177,47,trace
a40,A40,118.51074,46.089353,5.921307,47,trace
a40,A40,118.52074,46.089356,5.921436,47,trace
a40,A40,118.53074,46.089358,5.921566,47,trace
a40,A40,118.54073,46.089365,5.921695,48,trace
a40,A40,118.55072,46.089375,5.921824,49,trace
a40,A40,118.56070,46.089384,5.921952,50,trace
a40,A40,118.57069,46.089394,5.922081,52,trace
a40,A40,118.58068,46.089403,5.922210,53,trace
a40,A40,118.59066,46.089413,5.922339,54,trace
a40,A40,118.60061,46.089408,5.922468,53,trace
a40,A40,118.61044,46.089397,5.922596,53,trace
a40,A40,118.62014,46.089379,5.922723,53,trace
a40,A40,118.63006,46.089372,5.922852,52,trace
a40,A40,118.63991,46.089361,5.922981,52,trace
a40,A40,118.64974,46.089349,5.923109,51,trace
a40,A40,118.65969,46.089344,5.923238,50,trace
a40,A40,118.66966,46.089351,5.923367,50,trace
a40,A40,118.67931,46.089344,5.923493,50,trace
a40,A40,118.68854,46.089313,5.923615,51,trace
a40,A40,118.69826,46.089297,5.923742,50,trace
a40,A40,118.70804,46.089282,5.923870,50,trace
a40,A40,118.71785,46.089268,5.923998,51,trace
a40,A40,118.72761,46.089253,5.924125,51,trace
a40,A40,118.73734,46.089236,5.924252,52,trace
a40,A40,118.74702,46.089218,5.924379,54,trace
a40,A40,118.75663,46.089197,5.924505,55,trace
a40,A40,118.76621,46.089176,5.924631,55,trace
a40,A40,118.77576,46.089153,5.924756,55,trace
a40,A40,118.78537,46.089132,5.924882,55,trace
a40,A40,118.79493,46.089110,5.925008,55,trace
a40,A40,118.80445,46.089086,5.925133,55,trace
a40,A40,118.81400,46.089064,5.925258,56,trace
a40,A40,118.82352,46.089041,5.925383,56,trace
a40,A40,118.83301,46.089016,5.925508,57,trace
a40,A40,118.84248,46.088991,5.925632,57,trace
a40,A40,118.85190,46.088965,5.925756,57,trace
a40,A40,118.86117,46.088936,5.925879,57,trace
a40,A40,118.87054,46.088908,5.926002,58,trace
a40,A40,118.87994,46.088882,5.926126,59,trace
a40,A40,118.88922,46.088852,5.926248,60,trace
a40,A40,118.89841,46.088821,5.926369,61,trace
a40,A40,118.90750,46.088787,5.926489,62,trace
a40,A40,118.91773,46.088754,5.926610,62,trace
a40,A40,118.92843,46.088722,5.926731,63,trace
a40,A40,118.93809,46.088689,5.926851,65,trace
a40,A40,118.94774,46.088657,5.926972,67,trace
a40,A40,118.95743,46.088625,5.927093,68,trace
a40,A40,118.96708,46.088592,5.927214,69,trace
a40,A40,118.97666,46.088557,5.927333,70,trace
a40,A40,118.98628,46.088523,5.927453,71,trace
a40,A40,118.99596,46.088491,5.927574,72,trace
a40,A40,119.00564,46.088460,5.927695,73,trace
a40,A40,119.01533,46.088428,5.927817,74,trace
a40,A40,119.02500,46.088396,5.927938,74,trace
a40,A40,119.03460,46.088362,5.928057,74,trace
a40,A40,119.04422,46.088328,5.928177,74,trace
a40,A40,119.05385,46.088294,5.928298,75,trace
a40,A40,119.06348,46.088261,5.928418,76,trace
a40,A40,119.07314,46.088229,5.928539,77,trace
a40,A40,119.08280,46.088196,5.928659,77,trace
a40,A40,119.09247,46.088164,5.928780,77,trace
a40,A40,119.10214,46.088132,5.928901,77,trace
a40,A40,119.11177,46.088098,5.929021,77,trace
a40,A40,119.12139,46.088065,5.929141,78,trace
a40,A40,119.13104,46.088032,5.929262,79,trace
a40,A40,119.14070,46.087999,5.929383,79,trace
a40,A40,119.15035,46.087966,5.929503,80,trace
a40,A40,119.19853,46.087800,5.930105,84,trace
a40,A40,119.24694,46.087641,5.930711,85,trace
a40,A40,119.29557,46.087491,5.931321,86,trace
a40,A40,119.34454,46.087353,5.931937,86,trace
a40,A40,119.39400,46.087241,5.932564,85,trace
a40,A40,119.44372,46.087153,5.933198,86,trace
a40,A40,119.49368,46.087092,5.933840,87,trace
a40,A40,119.54347,46.087082,5.934487,90,trace
a40,A40,119.59294,46.087093,5.935134,94,trace
a40,A40,119.64174,46.087140,5.935778,98,trace
a40,A40,119.68960,46.087220,5.936414,98,trace
a40,A40,119.73620,46.087335,5.937040,98,trace
a40,A40,119.78140,46.087480,5.937652,98,trace
a40,A40,119.82403,46.087659,5.938246,100,trace
a40,A40,119.85942,46.087863,5.938823,106,trace
a40,A40,119.90922,46.088098,5.939375,114,trace
a40,A40,119.95914,46.088348,5.939913,120,trace
a40,A40,120.00899,46.088609,5.940440,126,trace
a40,A40,120.05877,46.088877,5.940960,132,trace
a40,A40,120.10854,46.089146,5.941478,132,trace
a40,A40,120.15840,46.089404,5.942008,132,trace
a40,A40,120.20834,46.089651,5.942549,133,trace
a40,A40,120.25828,46.089872,5.943113,133,trace
a40,A40,120.30806,46.090076,5.943689,133,trace
a40,A40,120.35771,46.090267,5.944275,133,trace
a40,A40,120.40720,46.090448,5.944868,134,trace
a40,A40,120.45664,46.090626,5.945463,134,trace
a40,A40,120.50611,46.090805,5.946056,133,trace
a40,A40,120.55584,46.091003,5.946638,133,trace
a40,A40,120.60571,46.091217,5.947207,133,trace
a40,A40,120.65565,46.091445,5.947764,134,trace
a40,A40,120.70556,46.091699,5.948299,134,trace
a40,A40,120.75529,46.091970,5.948815,132,trace
a40,A40,120.80476,46.092252,5.949318,130,trace
a40,A40,120.85351,46.092555,5.949797,130,trace
a40,A40,120.90226,46.092857,5.950276,130,trace
a40,A40,120.95101,46.093160,5.950754,130,trace
a40,A40,120.99984,46.093450,5.951248,130,trace
a40,A40,121.04874,46.093730,5.951755,130,trace
a40,A40,121.09765,46.094009,5.952262,130,trace
a40,A40,121.14655,46.094289,5.952769,130,trace
a40,A40,121.19545,46.094568,5.953276,130,trace
a40,A40,121.24435,46.094848,5.953783,130,trace
a40,A40,121.29402,46.095087,5.954330,130,trace
a40,A40,121.34394,46.095305,5.954896,130,trace
a40,A40,121.39395,46.095503,5.955477,130,trace
a40,A40,121.44369,46.095663,5.956082,129,trace
a40,A40,121.49308,46.095800,5.956698,129,trace
a40,A40,121.54209,46.095916,5.957324,130,trace
a40,A40,121.59045,46.096007,5.957958,130,trace
a40,A40,121.63845,46.096086,5.958595,130,trace
a40,A40,121.68617,46.096157,5.959235,130,trace
a40,A40,121.73385,46.096226,5.959875,129,trace
a40,A40,121.78169,46.096295,5.960515,129,trace
a40,A40,121.82971,46.096366,5.961155,130,trace
a40,A40,121.87801,46.096447,5.961792,129,trace
a40,A40,121.92663,46.096538,5.962426,129,trace
a40,A40,121.97544,46.096637,5.963058,129,trace
a40,A40,122.02447,46.096744,5.963687,129,trace
a40,A40,122.07378,46.096865,5.964310,129,trace
a40,A40,122.12333,46.097002,5.964927,129,trace
a40,A40,122.17313,46.097155,5.965536,129,trace
a40,A40,122.22308,46.097325,5.966135,129,trace
a40,A40,122.27307,46.097510,5.966725,129,trace
a40,A40,122.32309,46.097707,5.967307,130,trace
a40,A40,122.37307,46.097916,5.967881,129,trace
a40,A40,122.42295,46.098138,5.968444,129,trace
a40,A40,122.47273,46.098368,5.969000,129,trace
a40,A40,122.52237,46.098609,5.969547,130,trace
a40,A40,122.57171,46.098865,5.970079,130,trace
a40,A40,122.62083,46.099130,5.970602,130,trace
a40,A40,122.66971,46.099404,5.971115,130,trace
a40,A40,122.71816,46.099691,5.971613,130,trace
a40,A40,122.76507,46.099986,5.972101,130,trace
a40,A40,122.81114,46.100291,5.972577,130,trace
a40,A40,122.86111,46.100608,5.973036,130,trace
a40,A40,122.91106,46.100929,5.973489,130,trace
a40,A40,122.96097,46.101254,5.973936,130,trace
a40,A40,123.01082,46.101585,5.974374,130,trace
a40,A40,123.06069,46.101915,5.974813,130,trace
a40,A40,123.11056,46.102244,5.975254,130,trace
a40,A40,123.16047,46.102571,5.975698,130,trace
a40,A40,123.21041,46.102892,5.976151,130,trace
a40,A40,123.26038,46.103208,5.976612,130,trace
a40,A40,123.31037,46.103516,5.977083,129,trace
a40,A40,123.36036,46.103821,5.977558,129,trace
a40,A40,123.41033,46.104121,5.978040,129,trace
a40,A40,123.46028,46.104415,5.978530,129,trace
a40,A40,123.51015,46.104700,5.979030,130,trace
a40,A40,123.56004,46.104986,5.979531,130,trace
a40,A40,123.60991,46.105271,5.980031,130,trace
a40,A40,123.65976,46.105553,5.980535,130,trace
a40,A40,123.70965,46.105840,5.981034,130,trace
a40,A40,123.75909,46.106129,5.981529,130,trace
a40,A40,123.80769,46.106424,5.982018,130,trace
a40,A40,123.85715,46.106723,5.982501,130,trace
a40,A40,123.90680,46.107028,5.982976,130,trace
a40,A40,123.95657,46.107340,5.983442,130,trace
a40,A40,124.00649,46.107665,5.983891,130,trace
a40,A40,124.05645,46.107994,5.984330,130,trace
a40,A40,124.10644,46.108329,5.984762,130,trace
a40,A40,124.15645,46.108673,5.985178,130,trace
a40,A40,124.20642,46.109025,5.985581,130,trace
a40,A40,124.25637,46.109382,5.985974,130,trace
a40,A40,124.30628,46.109742,5.986361,130,trace
a40,A40,124.35616,46.110105,5.986744,129,trace
a40,A40,124.40604,46.110467,5.987127,129,trace
a40,A40,124.45592,46.110830,5.987509,129,trace
a40,A40,124.50580,46.111192,5.987891,129,trace
a40,A40,124.55570,46.111554,5.988276,129,trace
a40,A40,124.60561,46.111913,5.988664,129,trace
a40,A40,124.65557,46.112270,5.989059,129,trace
a40,A40,124.70554,46.112623,5.989458,129,trace
a40,A40,124.75559,46.112975,5.989862,129,trace
a40,A40,124.80592,46.113322,5.990272,129,trace
a40,A40,124.85528,46.113664,5.990692,129,trace
a40,A40,124.90439,46.114002,5.991120,129,trace
a40,A40,124.95367,46.114334,5.991556,129,trace
a40,A40,125.00321,46.114655,5.992009,129,trace
a40,A40,125.05285,46.114971,5.992469,129,trace
a40,A40,125.10257,46.115282,5.992936,129,trace
a40,A40,125.15246,46.115580,5.993421,129,trace
a40,A40,125.20239,46.115872,5.993913,129,trace
a40,A40,125.25235,46.116158,5.994413,130,trace
a40,A40,125.30234,46.116430,5.994929,130,trace
a40,A40,125.35226,46.116690,5.995457,130,trace
a40,A40,125.40214,46.116943,5.995992,130,trace
a40,A40,125.45194,46.117188,5.996535,129,trace
a40,A40,125.50161,46.117423,5.997087,130,trace
a40,A40,125.55114,46.117650,5.997646,130,trace
a40,A40,125.60050,46.117868,5.998213,130,trace
a40,A40,125.64958,46.118072,5.998790,130,trace
a40,A40,125.69984,46.118269,5.999372,130,trace
a40,A40,125.75110,46.118458,5.999960,130,trace
a40,A40,125.80014,46.118633,6.000557,125,trace
a40,A40,125.84938,46.118799,6.001159,122,trace
a40,A40,125.89879,46.118956,6.001766,118,trace
a40,A40,125.94836,46.119104,6.002378,115,trace
a40,A40,125.99807,46.119242,6.002994,111,trace
a40,A40,126.04796,46.119362,6.003619,107,trace
a40,A40,126.09793,46.119473,6.004246,104,trace
a40,A40,126.14793,46.119574,6.004878,101,trace
a40,A40,126.19796,46.119663,6.005513,97,trace
a40,A40,126.24793,46.119735,6.006152,93,trace
a40,A40,126.29757,46.119774,6.006797,88,trace
a40,A40,126.34666,46.119777,6.007445,85,trace
a40,A40,126.39579,46.119782,6.008093,77,trace
a40,A40,126.40562,46.119783,6.008223,74,trace
a40,A40,126.41544,46.119784,6.008352,70,trace
a40,A40,126.42526,46.119784,6.008482,67,trace
a40,A40,126.43508,46.119785,6.008611,64,trace
a40,A40,126.44489,46.119785,6.008741,58,trace
a40,A40,126.45472,46.119786,6.008871,51,trace
a40,A40,126.46455,46.119787,6.009000,43,trace
a40,A40,126.47439,46.119789,6.009130,38,trace
a40,A40,126.48425,46.119792,6.009259,35,trace
a40,A40,126.49412,46.119795,6.009389,31,trace
a40,A40,126.50401,46.119799,6.009518,32,trace
a40,A40,126.51391,46.119805,6.009648,35,trace
a40,A40,126.52385,46.119812,6.009777,41,trace
a40,A40,126.53381,46.119822,6.009906,47,trace
a40,A40,126.54380,46.119834,6.010034,51,trace
a40,A40,126.55379,46.119847,6.010162,54,trace
a40,A40,126.56378,46.119861,6.010290,59,trace
a40,A40,126.57378,46.119876,6.010418,64,trace
a40,A40,126.58379,46.119893,6.010545,69,trace
a40,A40,126.59379,46.119910,6.010672,71,trace
a40,A40,126.60380,46.119928,6.010800,73,trace
a40,A40,126.61380,46.119945,6.010927,76,trace
a40,A40,126.62381,46.119963,6.011054,78,trace
a40,A40,126.63382,46.119980,6.011181,80,trace
a40,A40,126.68384,46.120065,6.011817,90,trace
a40,A40,126.73464,46.120126,6.012459,98,trace
a40,A40,126.78502,46.120157,6.013105,105,trace
a40,A40,126.83488,46.120176,6.013752,110,trace
a40,A40,126.88474,46.120195,6.014400,114,trace
a40,A40,126.93462,46.120217,6.015047,117,trace
a40,A40,126.98452,46.120241,6.015694,119,trace
a40,A40,127.03446,46.120273,6.016340,121,trace
a40,A40,127.08442,46.120311,6.016986,122,trace
a40,A40,127.13439,46.120356,6.017631,124,trace
a40,A40,127.18437,46.120402,6.018275,126,trace
a40,A40,127.23435,46.120451,6.018919,127,trace
a40,A40,127.28433,46.120502,6.019563,128,trace
a40,A40,127.33430,46.120560,6.020206,129,trace
a40,A40,127.38425,46.120623,6.020847,129,trace
a40,A40,127.43418,46.120692,6.021488,129,trace
a40,A40,127.48407,46.120768,6.022126,129,trace
a40,A40,127.53387,46.120853,6.022762,130,trace
a40,A40,127.58240,46.120946,6.023396,130,trace
a40,A40,127.62842,46.121046,6.024028,130,trace
a40,A40,127.67651,46.121159,6.024655,130,trace
a40,A40,127.72506,46.121282,6.025278,130,trace
a40,A40,127.77390,46.121416,6.025897,130,trace
a40,A40,127.82319,46.121570,6.026505,130,trace
a40,A40,127.87267,46.121735,6.027108,130,trace
a40,A40,127.92231,46.121911,6.027704,130,trace
a40,A40,127.97217,46.122104,6.028289,130,trace
a40,A40,128.02211,46.122312,6.028864,130,trace
a40,A40,128.07209,46.122530,6.029430,130,trace
a40,A40,128.12208,46.122758,6.029988,130,trace
a40,A40,128.17201,46.122998,6.030536,130,trace
a40,A40,128.22189,46.123244,6.031078,130,trace
a40,A40,128.27171,46.123498,6.031613,130,trace
a40,A40,128.32143,46.123759,6.032140,130,trace
a40,A40,128.37106,46.124026,6.032661,130,trace
a40,A40,128.42060,46.124299,6.033176,130,trace
a40,A40,128.46996,46.124580,6.033681,130,trace
a40,A40,128.51917,46.124867,6.034179,130,trace
a40,A40,128.56808,46.125160,6.034671,129,trace
a40,A40,128.61602,46.125459,6.035154,130,trace
a40,A40,128.66531,46.125763,6.035632,129,trace
a40,A40,128.71507,46.126067,6.036108,129,trace
a40,A40,128.76481,46.126372,6.036584,129,trace
a40,A40,128.81450,46.126681,6.037055,130,trace
a40,A40,128.86414,46.126992,6.037521,130,trace
a40,A40,128.91372,46.127307,6.037984,129,trace
a40,A40,128.96335,46.127619,6.038450,130,trace
a40,A40,129.01303,46.127929,6.038920,130,trace
a40,A40,129.06276,46.128235,6.039394,130,trace
a40,A40,129.11261,46.128532,6.039880,130,trace
a40,A40,129.16251,46.128824,6.040373,130,trace
a40,A40,129.21245,46.129108,6.040874,130,trace
a40,A40,129.26243,46.129376,6.041394,130,trace
a40,A40,129.31233,46.129627,6.041931,130,trace
a40,A40,129.36211,46.129866,6.042479,130,trace
a40,A40,129.41171,46.130091,6.043041,130,trace
a40,A40,129.46086,46.130293,6.043619,130,trace
a40,A40,129.50965,46.130480,6.044208,130,trace
a40,A40,129.55820,46.130654,6.044806,130,trace
a40,A40,129.61103,46.130804,6.045417,130,trace
a40,A40,129.66145,46.130940,6.046034,130,trace
a40,A40,129.71026,46.131061,6.046658,130,trace
a40,A40,129.75954,46.131163,6.047289,130,trace
a40,A40,129.80913,46.131245,6.047926,130,trace
a40,A40,129.85890,46.131314,6.048566,130,trace
a40,A40,129.90884,46.131366,6.049210,130,trace
a40,A40,129.95884,46.131406,6.049856,130,trace
a40,A40,130.00886,46.131436,6.050502,130,trace
a40,A40,130.05889,46.131454,6.051150,129,trace
a40,A40,130.10888,46.131461,6.051798,129,trace
a40,A40,130.15886,46.131464,6.052446,129,trace
a40,A40,130.20883,46.131465,6.053094,129,trace
a40,A40,130.25870,46.131453,6.053742,129,trace
a40,A40,130.30850,46.131435,6.054390,129,trace
a40,A40,130.35824,46.131411,6.055037,129,trace
a40,A40,130.40792,46.131381,6.055684,130,trace
a40,A40,130.45756,46.131349,6.056330,130,trace
a40,A40,130.50711,46.131311,6.056976,130,trace
a40,A40,130.55654,46.131266,6.057621,129,trace
a40,A40,130.60848,46.131209,6.058263,129,trace
a40,A40,130.65910,46.131149,6.058906,129,trace
a40,A40,130.70761,46.131087,6.059548,130,trace
a40,A40,130.75638,46.131014,6.060187,129,trace
a40,A40,130.80550,46.130925,6.060822,129,trace
a40,A40,130.85491,46.130822,6.061453,130,trace
a40,A40,130.90459,46.130702,6.062077,130,trace
a40,A40,130.95444,46.130564,6.062694,130,trace
a40,A40,131.00438,46.130411,6.063303,130,trace
a40,A40,131.05438,46.130237,6.063900,130,trace
a40,A40,131.10428,46.130043,6.064485,130,trace
a40,A40,131.15404,46.129836,6.065060,130,trace
a40,A40,131.20362,46.129615,6.065624,130,trace
a40,A40,131.25304,46.129385,6.066180,130,trace
a40,A40,131.30245,46.129154,6.066737,130,trace
a40,A40,131.35188,46.128925,6.067294,130,trace
a40,A40,131.40132,46.128696,6.067851,130,trace
a40,A40,131.45076,46.128467,6.068409,130,trace
a40,A40,131.50021,46.128238,6.068967,130,trace
a40,A40,131.54968,46.128010,6.069525,129,trace
a40,A40,131.59284,46.127793,6.070092,129,trace
a40,A40,131.63471,46.127587,6.070668,130,trace
a40,A40,131.67995,46.127403,6.071259,129,trace
a40,A40,131.72645,46.127245,6.071865,130,trace
a40,A40,131.77371,46.127106,6.072481,130,trace
a40,A40,131.82173,46.126988,6.073106,129,trace
a40,A40,131.87075,46.126907,6.073744,130,trace
a40,A40,131.92010,46.126844,6.074385,130,trace
a40,A40,131.96973,46.126799,6.075030,130,trace
a40,A40,132.01967,46.126787,6.075677,130,trace
a40,A40,132.06962,46.126799,6.076325,130,trace
a40,A40,132.11951,46.126831,6.076971,130,trace
a40,A40,132.16918,46.126888,6.077614,130,trace
a40,A40,132.21833,46.126975,6.078249,130,trace
a40,A40,132.26696,46.127084,6.078877,130,trace
a40,A40,132.31489,46.127218,6.079496,129,trace
a40,A40,132.36174,46.127381,6.080100,130,trace
a40,A40,132.40786,46.127560,6.080694,130,trace
a40,A40,132.45305,46.127754,6.081278,130,trace
a40,A40,132.49256,46.127978,6.081839,129,trace
a40,A40,132.53832,46.128219,6.082386,129,trace
a40,A40,132.58811,46.128473,6.082920,129,trace
a40,A40,132.63774,46.128738,6.083444,130,trace
a40,A40,132.68737,46.129002,6.083968,128,trace
a40,A40,132.73700,46.129267,6.084492,127,trace
a40,A40,132.78663,46.129532,6.085015,126,trace
a40,A40,132.83624,46.129798,6.085537,126,trace
a40,A40,132.88588,46.130062,6.086061,126,trace
a40,A40,132.93554,46.130325,6.086587,125,trace
a40,A40,132.98524,46.130585,6.087115,125,trace
a40,A40,133.03505,46.130837,6.087652,125,trace
a40,A40,133.08496,46.131078,6.088198,125,trace
a40,A40,133.13497,46.131303,6.088759,125,trace
a40,A40,133.18495,46.131506,6.089337,125,trace
a40,A40,133.23485,46.131698,6.089923,125,trace
a40,A40,133.28460,46.131876,6.090518,125,trace
a40,A40,133.33379,46.132019,6.091132,125,trace
a40,A40,133.38302,46.132120,6.091763,125,trace
a40,A40,133.43226,46.132207,6.092398,125,trace
a40,A40,133.48151,46.132294,6.093034,125,trace
a40,A40,133.53076,46.132382,6.093670,125,trace
a40,A40,133.58028,46.132455,6.094309,125,trace
a40,A40,133.62997,46.132518,6.094951,125,trace
a40,A40,133.67967,46.132582,6.095592,125,trace
a40,A40,133.72940,46.132649,6.096233,125,trace
a40,A40,133.77931,46.132737,6.096869,125,trace
a40,A40,133.82922,46.132825,6.097504,125,trace
a40,A40,133.87913,46.132913,6.098140,125,trace
a40,A40,133.92905,46.133030,6.098765,125,trace
a40,A40,133.97898,46.133160,6.099386,125,trace
a40,A40,134.02890,46.133290,6.100006,125,trace
a40,A40,134.07883,46.133420,6.100627,125,trace
a40,A40,134.12871,46.133556,6.101244,125,trace
a40,A40,134.17856,46.133697,6.101859,125,trace
a40,A40,134.22845,46.133834,6.102477,125,trace
a40,A40,134.27831,46.133973,6.103093,125,trace
a40,A40,134.32818,46.134112,6.103709,125,trace
a40,A40,134.37805,46.134251,6.104325,125,trace
a40,A40,134.42790,46.134392,6.104941,125,trace
a40,A40,134.47777,46.134534,6.105556,125,trace
a40,A40,134.52765,46.134676,6.106171,125,trace
a40,A40,134.57753,46.134816,6.106787,125,trace
a40,A40,134.62740,46.134958,6.107402,125,trace
a40,A40,134.67729,46.135098,6.108018,125,trace
a40,A40,134.72721,46.135234,6.108635,125,trace
a40,A40,134.77715,46.135368,6.109254,125,trace
a40,A40,134.82705,46.135506,6.109871,125,trace
a40,A40,134.87694,46.135646,6.110487,125,trace
a40,A40,134.92686,46.135782,6.111104,125,trace
a40,A40,134.97682,46.135911,6.111725,125,trace
a40,A40,135.02682,46.136032,6.112349,125,trace
a40,A40,135.07683,46.136145,6.112976,125,trace
a40,A40,135.12683,46.136243,6.113609,125,trace
a40,A40,135.17671,46.136321,6.114247,125,trace
a40,A40,135.22649,46.136388,6.114888,125,trace
a40,A40,135.27621,46.136448,6.115531,125,trace
a40,A40,135.32605,46.136520,6.116170,123,trace
a40,A40,135.37593,46.136596,6.116809,120,trace
a40,A40,135.42580,46.136672,6.117448,116,trace
a40,A40,135.47561,46.136740,6.118089,113,trace
a40,A40,135.52582,46.136827,6.118725,111,trace
a40,A40,135.57583,46.136929,6.119356,108,trace
a40,A40,135.62572,46.137044,6.119982,105,trace
a40,A40,135.67554,46.137168,6.120605,102,trace
a40,A40,135.72536,46.137294,6.121227,100,trace
a40,A40,135.77520,46.137416,6.121851,98,trace
a40,A40,135.82508,46.137534,6.122477,96,trace
a40,A40,135.87504,46.137627,6.123111,91,trace
a40,A40,135.92499,46.137708,6.123748,88,trace
a40,A40,135.97490,46.137782,6.124388,78,trace
a40,A40,135.98487,46.137794,6.124516,75,trace
a40,A40,135.99483,46.137805,6.124645,71,trace
a40,A40,136.00476,46.137814,6.124774,65,trace
a40,A40,136.01469,46.137822,6.124903,59,trace
a40,A40,136.02466,46.137836,6.125031,56,trace
a40,A40,136.03465,46.137852,6.125158,54,trace
a40,A40,136.04463,46.137872,6.125285,54,trace
a40,A40,136.05460,46.137895,6.125410,58,trace
a40,A40,136.06454,46.137905,6.125539,61,trace
a40,A40,136.07449,46.137915,6.125667,64,trace
a40,A40,136.08444,46.137925,6.125796,68,trace
a40,A40,136.09438,46.137935,6.125925,71,trace
a40,A40,136.10433,46.137945,6.126054,73,trace
a40,A40,136.11430,46.137956,6.126182,75,trace
a40,A40,136.12426,46.137969,6.126311,76,trace
a40,A40,136.13424,46.137982,6.126439,78,trace
a40,A40,136.14421,46.137995,6.126567,79,trace
a40,A40,136.15419,46.138010,6.126695,80,trace
a40,A40,136.16418,46.138031,6.126821,80,trace
a40,A40,136.17417,46.138052,6.126947,80,trace
a40,A40,136.18414,46.138064,6.127076,80,trace
a40,A40,136.19411,46.138076,6.127204,79,trace
a40,A40,136.20408,46.138089,6.127333,79,trace
a40,A40,136.21406,46.138102,6.127461,78,trace
a40,A40,136.22404,46.138116,6.127589,78,trace
a40,A40,136.23402,46.138130,6.127717,78,trace
a40,A40,136.24400,46.138144,6.127845,78,trace
a40,A40,136.25398,46.138159,6.127973,77,trace
a40,A40,136.26397,46.138174,6.128101,77,trace
a40,A40,136.27395,46.138188,6.128229,77,trace
a40,A40,136.28393,46.138202,6.128357,77,trace
a40,A40,136.29392,46.138220,6.128484,77,trace
a40,A40,136.30391,46.138238,6.128611,77,trace
a40,A40,136.31390,46.138259,6.128737,76,trace
a40,A40,136.32389,46.138280,6.128863,75,trace
a40,A40,136.33388,46.138301,6.128989,74,trace
a40,A40,136.34387,46.138322,6.129115,72,trace
a40,A40,136.35386,46.138343,6.129241,72,trace
a40,A40,136.36384,46.138366,6.129366,71,trace
a40,A40,136.37382,46.138387,6.129492,70,trace
a40,A40,136.38381,46.138409,6.129618,69,trace
a40,A40,136.39379,46.138431,6.129744,68,trace
a40,A40,136.40378,46.138454,6.129869,67,trace
a40,A40,136.41375,46.138477,6.129994,67,trace
a40,A40,136.42372,46.138501,6.130119,66,trace
a40,A40,136.43371,46.138524,6.130245,65,trace
a40,A40,136.44369,46.138545,6.130371,66,trace
a40,A40,136.45368,46.138561,6.130498,69,trace
a40,A40,136.46360,46.138571,6.130627,72,trace
a40,A40,136.47342,46.138573,6.130756,74,trace
a40,A40,136.48326,46.138587,6.130883,76,trace
a40,A40,136.49312,46.138613,6.131008,78,trace
a40,A40,136.50298,46.138638,6.131132,80,trace
a40,A40,136.51284,46.138664,6.131256,81,trace
a40,A40,136.56231,46.138788,6.131879,91,trace
a40,A40,136.61218,46.138897,6.132508,101,trace
a40,A40,136.66189,46.138991,6.133141,108,trace
a40,A40,136.71124,46.139062,6.133781,112,trace
a40,A40,136.75995,46.139104,6.134427,115,trace
a40,A40,136.80829,46.139133,6.135073,119,trace
a40,A40,136.85642,46.139154,6.135721,121,trace
a40,A40,136.90451,46.139173,6.136369,122,trace
a40,A40,136.95266,46.139195,6.137016,123,trace
a40,A40,137.00103,46.139224,6.137663,124,trace
a40,A40,137.04970,46.139265,6.138308,125,trace
a40,A40,137.09902,46.139334,6.138949,125,trace
a40,A40,137.14882,46.139442,6.139577,125,trace
a40,A40,137.19864,46.139592,6.140185,125,trace
a40,A40,137.24820,46.139791,6.140766,125,trace
a40,A40,137.29602,46.140052,6.141293,125,trace
a40,A40,137.34185,46.140350,6.141776,125,trace
a40,A40,137.38557,46.140680,6.142214,126,trace
a40,A40,137.42611,46.141045,6.142591,125,trace
a40,A40,137.46605,46.141432,6.142919,125,trace
a40,A40,137.50954,46.141829,6.143223,125,trace
a40,A40,137.55899,46.142232,6.143509,125,trace
a40,A40,137.60848,46.142634,6.143797,125,trace
a40,A40,137.65807,46.143033,6.144095,125,trace
a40,A40,137.70778,46.143427,6.144406,125,trace
a40,A40,137.75770,46.143811,6.144742,125,trace
a40,A40,137.80766,46.144178,6.145115,124,trace
a40,A40,137.85749,46.144530,6.145516,124,trace
a40,A40,137.90712,46.144866,6.145946,125,trace
a40,A40,137.95641,46.145188,6.146398,125,trace
a40,A40,138.00563,46.145508,6.146853,125,trace
a40,A40,138.05485,46.145827,6.147310,125,trace
a40,A40,138.10413,46.146149,6.147762,124,trace
a40,A40,138.15370,46.146483,6.148195,122,trace
a40,A40,138.20350,46.146831,6.148604,119,trace
a40,A40,138.25345,46.147195,6.148982,116,trace
a40,A40,138.30337,46.147578,6.149321,112,trace
a40,A40,138.35264,46.147985,6.149595,109,trace
a40,A40,138.40296,46.148396,6.149856,108,trace
a40,A40,138.44916,46.148809,6.150113,108,trace
a40,A40,138.49156,46.149218,6.150379,109,trace
a40,A40,138.53521,46.149618,6.150673,112,trace
a40,A40,138.58068,46.150001,6.151013,116,trace
a40,A40,138.62798,46.150357,6.151407,118,trace
a40,A40,138.67660,46.150682,6.151851,120,trace
a40,A40,138.72621,46.150973,6.152344,121,trace
a40,A40,138.77623,46.151219,6.152886,123,trace
a40,A40,138.82563,46.151412,6.153470,124,trace
a40,A40,138.87436,46.151574,6.154074,124,trace
a40,A40,138.92237,46.151709,6.154692,125,trace
a40,A40,138.96991,46.151830,6.155317,125,trace
a40,A40,139.01741,46.151950,6.155941,125,trace
a40,A40,139.06509,46.152076,6.156564,125,trace
a40,A40,139.11332,46.152218,6.157179,125,trace
a40,A40,139.16237,46.152390,6.157777,125,trace
a40,A40,139.21183,46.152583,6.158362,124,trace
a40,A40,139.26160,46.152795,6.158933,122,trace
a40,A40,139.31156,46.153026,6.159489,112,trace
a40,A40,139.36153,46.153260,6.160043,109,trace
a40,A40,139.41200,46.153494,6.160596,106,trace
a40,A40,139.46204,46.153727,6.161151,105,trace
a40,A40,139.51107,46.153959,6.161706,105,trace
a40,A40,139.56006,46.154192,6.162260,108,trace
a40,A40,139.60919,46.154420,6.162819,108,trace
a40,A40,139.65851,46.154639,6.163385,111,trace
a40,A40,139.70801,46.154848,6.163959,115,trace
a40,A40,139.75763,46.155050,6.164538,118,trace
a40,A40,139.80735,46.155243,6.165124,119,trace
a40,A40,139.85726,46.155416,6.165722,120,trace
a40,A40,139.90721,46.155573,6.166329,122,trace
a40,A40,139.95713,46.155715,6.166944,123,trace
a40,A40,140.00699,46.155842,6.167566,124,trace
a40,A40,140.05670,46.155953,6.168194,124,trace
a40,A40,140.10628,46.156053,6.168826,124,trace
a40,A40,140.15569,46.156143,6.169462,124,trace
a40,A40,140.20487,46.156220,6.170100,125,trace
a40,A40,140.25399,46.156294,6.170740,122,trace
a40,A40,140.30302,46.156363,6.171381,120,trace
a40,A40,140.35205,46.156427,6.172022,119,trace
a40,A40,140.40130,46.156480,6.172666,120,trace
a40,A40,140.45055,46.156531,6.173311,119,trace
a40,A40,140.49975,46.156579,6.173955,117,trace
a40,A40,140.54894,46.156626,6.174600,116,trace
a40,A40,140.59814,46.156675,6.175245,114,trace
a40,A40,140.64741,46.156726,6.175889,114,trace
a40,A40,140.69675,46.156781,6.176532,115,trace
a40,A40,140.74621,46.156844,6.177174,115,trace
a40,A40,140.79582,46.156916,6.177814,116,trace
a40,A40,140.84561,46.157002,6.178451,117,trace
a40,A40,140.89555,46.157107,6.179081,117,trace
a40,A40,140.94554,46.157228,6.179705,117,trace
a40,A40,140.99554,46.157365,6.180323,117,trace
a40,A40,141.04548,46.157516,6.180934,117,trace
a40,A40,141.09516,46.157692,6.181530,118,trace
a40,A40,141.14449,46.157887,6.182113,119,trace
a40,A40,141.19343,46.158100,6.182684,120,trace
a40,A40,141.24193,46.158329,6.183242,120,trace
a40,A40,141.28957,46.158582,6.183778,120,trace
a40,A40,141.33596,46.158846,6.184302,120,trace
a40,A40,141.38316,46.159118,6.184818,120,trace
a40,A40,141.43310,46.159394,6.185329,120,trace
a40,A40,141.48305,46.159671,6.185840,120,trace
a40,A40,141.53299,46.159949,6.186350,120,trace
a40,A40,141.58293,46.160227,6.186859,120,trace
a40,A40,141.63286,46.160506,6.187367,120,trace
a40,A40,141.68281,46.160783,6.187877,120,trace
a40,A40,141.73275,46.161061,6.188387,120,trace
a40,A40,141.78270,46.161337,6.188899,120,trace
a40,A40,141.83267,46.161610,6.189414,120,trace
a40,A40,141.88266,46.161868,6.189945,120,trace
a40,A40,141.93258,46.162111,6.190489,120,trace
a40,A40,141.98240,46.162342,6.191045,120,trace
a40,A40,142.03210,46.162562,6.191611,120,trace
a40,A40,142.08163,46.162771,6.192185,120,trace
a40,A40,142.13128,46.162988,6.192752,119,trace
a40,A40,142.18107,46.163216,6.193311,117,trace
a40,A40,142.23101,46.163461,6.193855,116,trace
a40,A40,142.28099,46.163728,6.194375,114,trace
a40,A40,142.33107,46.164017,6.194872,113,trace
a40,A40,142.38065,46.164322,6.195347,113,trace
a40,A40,142.42960,46.164640,6.195805,112,trace
a40,A40,142.47822,46.164968,6.196248,112,trace
a40,A40,142.52690,46.165294,6.196695,112,trace
a40,A40,142.57562,46.165619,6.197142,111,trace
a40,A40,142.62460,46.165936,6.197601,111,trace
a40,A40,142.67395,46.166240,6.198079,111,trace
a40,A40,142.72361,46.166529,6.198575,111,trace
a40,A40,142.77356,46.166795,6.199097,111,trace
a40,A40,142.82356,46.167043,6.199638,111,trace
a40,A40,142.87353,46.167277,6.200191,111,trace
a40,A40,142.92341,46.167496,6.200757,111,trace
a40,A40,142.97313,46.167700,6.201335,111,trace
a40,A40,143.02258,46.167888,6.201924,111,trace
a40,A40,143.07189,46.168068,6.202518,111,trace
a40,A40,143.12113,46.168245,6.203115,111,trace
a40,A40,143.17033,46.168419,6.203712,111,trace
a40,A40,143.21948,46.168592,6.204311,111,trace
a40,A40,143.26858,46.168762,6.204911,111,trace
a40,A40,143.31814,46.168934,6.205510,111,trace
a40,A40,143.36774,46.169107,6.206109,110,trace
a40,A40,143.41734,46.169280,6.206707,108,trace
a40,A40,143.46696,46.169454,6.207305,104,trace
a40,A40,143.51658,46.169629,6.207902,96,trace
a40,A40,143.56618,46.169802,6.208501,93,trace
a40,A40,143.61586,46.169981,6.209096,90,trace
a40,A40,143.66568,46.170172,6.209683,91,trace
a40,A40,143.71559,46.170373,6.210263,91,trace
a40,A40,143.76555,46.170585,6.210834,91,trace
a40,A40,143.81550,46.170821,6.211386,91,trace
a40,A40,143.86537,46.171070,6.211926,91,trace
a40,A40,143.91516,46.171326,6.212459,91,trace
a40,A40,143.96491,46.171585,6.212989,91,trace
a40,A40,144.01474,46.171839,6.213524,91,trace
a40,A40,144.06456,46.172093,6.214059,91,trace
a40,A40,144.11440,46.172344,6.214597,91,trace
a40,A40,144.16427,46.172592,6.215137,91,trace
a40,A40,144.21410,46.172845,6.215673,91,trace
a40,A40,144.26393,46.173099,6.216209,91,trace
a40,A40,144.31154,46.173354,6.216742,91,trace
a40,A40,144.35583,46.173613,6.217273,91,trace
a40,A40,144.40187,46.173876,6.217798,91,trace
a40,A40,144.44840,46.174144,6.218318,91,trace
a40,A40,144.49535,46.174421,6.218829,91,trace
a40,A40,144.54285,46.174710,6.219326,91,trace
a40,A40,144.59160,46.175030,6.219780,91,trace
a40,A40,144.64054,46.175356,6.220227,91,trace
a40,A40,144.68949,46.175681,6.220674,91,trace
a40,A40,144.73879,46.176025,6.221087,91,trace
a40,A40,144.78879,46.176406,6.221431,91,trace
a40,A40,144.83878,46.176786,6.221776,91,trace
a40,A40,144.88816,46.177195,6.222038,91,trace
a40,A40,144.93736,46.177613,6.222277,91,trace
a40,A40,144.98615,46.178035,6.222495,91,trace
a40,A40,145.03378,46.178471,6.222654,91,trace
a40,A40,145.08140,46.178906,6.222812,91,trace
a40,A40,145.12877,46.179344,6.222960,91,trace
a40,A40,145.17612,46.179781,6.223107,91,trace
a40,A40,145.24250,46.180218,6.223256,91,trace
a40,A40,145.27459,46.180652,6.223426,91,trace
a40,A40,145.29437,46.181063,6.223682,91,trace
a40,A40,145.32365,46.181424,6.224061,91,trace
a40,A40,145.36079,46.181722,6.224541,91,trace
a40,A40,145.40420,46.181940,6.225104,92,trace
a40,A40,145.45193,46.182066,6.225722,92,trace
a40,A40,145.50153,46.182094,6.226365,93,trace
a40,A40,145.55113,46.182044,6.227009,93,trace
a40,A40,145.59863,46.181914,6.227625,92,trace
a40,A40,145.64345,46.181716,6.228206,90,trace
a40,A40,145.68745,46.181503,6.228777,90,trace
a40,A40,145.73170,46.181294,6.229351,91,trace
a40,A40,145.77608,46.181087,6.229927,91,trace
a40,A40,145.82012,46.180874,6.230498,91,trace
a40,A40,145.86289,46.180642,6.231053,93,trace
a40,A40,145.91580,46.180395,6.231595,97,trace
a40,A40,145.96524,46.180131,6.232120,103,trace
a40,A40,146.01424,46.179845,6.232620,107,trace
a40,A40,146.06376,46.179537,6.233092,110,trace
a40,A40,146.11360,46.179212,6.233538,113,trace
a40,A40,146.16357,46.178871,6.233961,115,trace
a40,A40,146.21354,46.178516,6.234358,116,trace
a40,A40,146.26336,46.178147,6.234727,118,trace
a40,A40,146.31297,46.177767,6.235074,120,trace
a40,A40,146.36237,46.177380,6.235402,121,trace
a40,A40,146.41162,46.176988,6.235719,122,trace
a40,A40,146.46107,46.176603,6.236052,124,trace
a40,A40,146.51069,46.176223,6.236399,126,trace
a40,A40,146.56051,46.175853,6.236765,128,trace
a40,A40,146.61046,46.175496,6.237159,129,trace
a40,A40,146.66043,46.175149,6.237571,129,trace
a40,A40,146.71039,46.174812,6.238000,129,trace
a40,A40,146.76035,46.174475,6.238428,129,trace
a40,A40,146.81032,46.174133,6.238849,129,trace
a40,A40,146.86032,46.173786,6.239260,130,trace
a40,A40,146.91043,46.173422,6.239641,130,trace
a40,A40,146.96026,46.173047,6.239996,130,trace
a40,A40,147.00986,46.172663,6.240332,129,trace
a40,A40,147.05915,46.172269,6.240643,129,trace
a40,A40,147.10812,46.171867,6.240934,130,trace
a40,A40,147.15699,46.171464,6.241220,130,trace
a40,A40,147.20585,46.171060,6.241504,129,trace
a40,A40,147.25512,46.170666,6.241814,129,trace
a40,A40,147.30462,46.170278,6.242142,129,trace
a40,A40,147.35434,46.169899,6.242488,129,trace
a40,A40,147.40426,46.169531,6.242860,130,trace
a40,A40,147.45422,46.169170,6.243247,130,trace
a40,A40,147.50420,46.168819,6.243650,130,trace
a40,A40,147.55409,46.168485,6.244084,130,trace
a40,A40,147.60371,46.168168,6.244543,129,trace
a40,A40,147.65303,46.167865,6.245021,129,trace
a40,A40,147.70187,46.167580,6.245522,130,trace
a40,A40,147.74992,46.167318,6.246049,129,trace
a40,A40,147.79744,46.167069,6.246588,129,trace
a40,A40,147.84444,46.166832,6.247139,130,trace
a40,A40,147.88990,46.166609,6.247702,130,trace
a40,A40,147.93774,46.166395,6.248273,130,trace
a40,A40,147.98752,46.166194,6.248852,130,trace
a40,A40,148.03752,46.166023,6.249452,130,trace
a40,A40,148.08751,46.165861,6.250056,130,trace
a40,A40,148.13751,46.165701,6.250663,130,trace
a40,A40,148.18751,46.165541,6.251268,130,trace
a40,A40,148.23751,46.165381,6.251874,130,trace
a40,A40,148.28751,46.165221,6.252480,130,trace
a40,A40,148.33751,46.165061,6.253086,130,trace
a40,A40,148.38751,46.164902,6.253693,130,trace
a40,A40,148.43750,46.164742,6.254299,130,trace
a40,A40,148.48750,46.164582,6.254905,130,trace
a40,A40,148.53750,46.164421,6.255510,130,trace
a40,A40,148.58750,46.164260,6.256116,130,trace
a40,A40,148.63750,46.164100,6.256722,130,trace
a40,A40,148.68750,46.163941,6.257328,130,trace
a40,A40,148.73749,46.163782,6.257935,130,trace
a40,A40,148.78749,46.163622,6.258541,130,trace
a40,A40,148.83749,46.163461,6.259146,130,trace
a40,A40,148.88778,46.163296,6.259749,130,trace
a40,A40,148.93797,46.163130,6.260352,130,trace
a40,A40,148.98793,46.162962,6.260953,130,trace
a40,A40,149.03792,46.162788,6.261551,130,trace
a40,A40,149.08790,46.162615,6.262149,130,trace
a40,A40,149.13788,46.162441,6.262747,130,trace
a40,A40,149.18787,46.162264,6.263343,130,trace
a40,A40,149.23786,46.162085,6.263938,130,trace
a40,A40,149.28785,46.161905,6.264532,130,trace
a40,A40,149.33783,46.161723,6.265125,130,trace
a40,A40,149.38782,46.161541,6.265718,130,trace
a40,A40,149.43781,46.161358,6.266310,130,trace
a40,A40,149.48780,46.161174,6.266902,130,trace
a40,A40,149.53779,46.160997,6.267497,130,trace
a40,A40,149.58777,46.160817,6.268092,130,trace
a40,A40,149.63776,46.160633,6.268684,130,trace
a40,A40,149.68775,46.160448,6.269274,130,trace
a40,A40,149.73773,46.160260,6.269863,130,trace
a40,A40,149.78770,46.160071,6.270452,130,trace
a40,A40,149.83769,46.159885,6.271041,130,trace
a40,A40,149.88769,46.159699,6.271632,130,trace
a40,A40,149.93770,46.159513,6.272222,130,trace
a40,A40,149.98771,46.159326,6.272812,130,trace
a40,A40,150.03772,46.159140,6.273402,130,trace
a40,A40,150.08772,46.158953,6.273992,130,trace
a40,A40,150.13773,46.158765,6.274581,130,trace
a40,A40,150.18773,46.158578,6.275170,130,trace
a40,A40,150.23774,46.158391,6.275760,130,trace
a40,A40,150.28774,46.158204,6.276349,130,trace
a40,A40,150.33775,46.158016,6.276938,130,trace
a40,A40,150.38775,46.157829,6.277528,130,trace
a40,A40,150.43776,46.157643,6.278118,130,trace
a40,A40,150.48777,46.157463,6.278712,130,trace
a40,A40,150.53778,46.157286,6.279308,130,trace
a40,A40,150.58778,46.157112,6.279906,130,trace
a40,A40,150.63777,46.156942,6.280506,130,trace
a40,A40,150.68775,46.156774,6.281107,130,trace
a40,A40,150.73773,46.156606,6.281709,130,trace
a40,A40,150.78772,46.156437,6.282310,130,trace
a40,A40,150.83770,46.156270,6.282911,130,trace
a40,A40,150.88754,46.156103,6.283513,130,trace
a40,A40,150.93727,46.155937,6.284116,130,trace
a40,A40,150.98724,46.155769,6.284717,128,trace
a40,A40,151.03721,46.155601,6.285318,126,trace
a40,A40,151.08718,46.155432,6.285920,123,trace
a40,A40,151.13715,46.155265,6.286521,120,trace
a40,A40,151.18712,46.155098,6.287123,119,trace
a40,A40,151.23709,46.154930,6.287725,116,trace
a40,A40,151.28706,46.154763,6.288326,114,trace
a40,A40,151.33703,46.154595,6.288928,112,trace
a40,A40,151.38700,46.154431,6.289531,109,trace
a40,A40,151.43698,46.154268,6.290136,107,trace
a40,A40,151.48696,46.154107,6.290741,104,trace
a40,A40,151.53694,46.153949,6.291348,102,trace
a40,A40,151.58692,46.153796,6.291957,99,trace
a40,A40,151.63687,46.153635,6.292562,94,trace
a40,A40,151.68676,46.153453,6.293155,89,trace
a40,A40,151.73672,46.153283,6.293755,82,trace
a40,A40,151.78669,46.153115,6.294356,66,trace
a40,A40,151.79668,46.153082,6.294477,59,trace
a40,A40,151.80667,46.153048,6.294597,51,trace
a40,A40,151.81667,46.153015,6.294718,47,trace
a40,A40,151.82666,46.152982,6.294838,42,trace
a40,A40,151.83666,46.152950,6.294959,39,trace
a40,A40,151.84666,46.152918,6.295081,37,trace
a40,A40,151.85665,46.152887,6.295202,37,trace
a40,A40,151.86665,46.152856,6.295324,40,trace
a40,A40,151.87738,46.152826,6.295446,44,trace
a40,A40,151.88853,46.152795,6.295568,49,trace
a40,A40,151.89850,46.152764,6.295689,51,trace
a40,A40,151.90846,46.152733,6.295811,56,trace
a40,A40,151.91843,46.152702,6.295933,62,trace
a40,A40,151.92839,46.152671,6.296055,66,trace
a40,A40,151.93835,46.152640,6.296177,69,trace
a40,A40,151.94831,46.152610,6.296299,71,trace
a40,A40,151.95828,46.152579,6.296420,73,trace
a40,A40,151.96824,46.152548,6.296542,77,trace
a40,A40,151.97819,46.152518,6.296664,80,trace
a40,A40,152.02788,46.152375,6.297279,88,trace
a40,A40,152.07770,46.152219,6.297887,97,trace
a40,A40,152.12759,46.152056,6.298491,104,trace
a40,A40,152.17745,46.151897,6.299098,109,trace
a40,A40,152.22727,46.151743,6.299706,114,trace
a40,A40,152.27707,46.151590,6.300316,118,trace
a40,A40,152.32691,46.151433,6.300923,121,trace
a40,A40,152.37679,46.151271,6.301528,123,trace
a40,A40,152.42672,46.151104,6.302130,124,trace
a40,A40,152.47669,46.150927,6.302726,126,trace
a40,A40,152.52667,46.150738,6.303314,127,trace
a40,A40,152.57665,46.150540,6.303896,128,trace
a40,A40,152.62659,46.150332,6.304470,129,trace
a40,A40,152.67645,46.150114,6.305037,129,trace
a40,A40,152.72624,46.149889,6.305598,129,trace
a40,A40,152.77594,46.149656,6.306153,129,trace
a40,A40,152.82542,46.149411,6.306696,129,trace
a40,A40,152.87624,46.149158,6.307232,129,trace
a40,A40,152.92770,46.148898,6.307760,130,trace
a40,A40,152.97661,46.148625,6.308275,130,trace
a40,A40,153.02573,46.148345,6.308782,130,trace
a40,A40,153.07502,46.148058,6.309280,130,trace
a40,A40,153.12457,46.147759,6.309764,130,trace
a40,A40,153.17428,46.147451,6.310237,130,trace
a40,A40,153.22408,46.147138,6.310700,130,trace
a40,A40,153.27398,46.146816,6.311153,130,trace
a40,A40,153.32396,46.146483,6.311588,130,trace
a40,A40,153.37396,46.146144,6.312013,130,trace
a40,A40,153.42396,46.145799,6.312429,130,trace
a40,A40,153.47390,46.145444,6.312825,130,trace
a40,A40,153.52377,46.145084,6.313212,130,trace
a40,A40,153.57357,46.144718,6.313588,130,trace
a40,A40,153.62322,46.144344,6.313948,130,trace
a40,A40,153.67278,46.143967,6.314301,130,trace
a40,A40,153.72224,46.143588,6.314646,130,trace
a40,A40,153.77150,46.143201,6.314977,130,trace
a40,A40,153.82042,46.142807,6.315289,130,trace
a40,A40,153.87018,46.142408,6.315586,130,trace
a40,A40,153.92172,46.142003,6.315865,130,trace
a40,A40,153.97178,46.141591,6.316123,130,trace
a40,A40,154.02171,46.141177,6.316373,130,trace
a40,A40,154.07167,46.140760,6.316616,130,trace
a40,A40,154.12171,46.140337,6.316832,130,trace
a40,A40,154.17174,46.139911,6.317037,130,trace
a40,A40,154.22177,46.139482,6.317233,130,trace
a40,A40,154.27178,46.139052,6.317419,130,trace
a40,A40,154.32178,46.138622,6.317603,130,trace
a40,A40,154.37177,46.138191,6.317785,130,trace
a40,A40,154.42173,46.137758,6.317960,130,trace
a40,A40,154.47170,46.137326,6.318137,129,trace
a40,A40,154.52168,46.136894,6.318316,129,trace
a40,A40,154.57166,46.136463,6.318495,127,trace
a40,A40,154.62166,46.136032,6.318679,126,trace
a40,A40,154.67168,46.135602,6.318869,126,trace
a40,A40,154.72170,46.135175,6.319067,127,trace
a40,A40,154.77174,46.134752,6.319286,128,trace
a40,A40,154.82171,46.134335,6.319525,128,trace
a40,A40,154.87132,46.133921,6.319777,129,trace
a40,A40,154.92004,46.133511,6.320041,129,trace
a40,A40,154.96973,46.133107,6.320323,129,trace
a40,A40,155.01965,46.132708,6.320622,129,trace
a40,A40,155.06961,46.132316,6.320939,129,trace
a40,A40,155.11954,46.131931,6.321273,129,trace
a40,A40,155.16946,46.131548,6.321610,129,trace
a40,A40,155.21938,46.131165,6.321948,129,trace
a40,A40,155.26928,46.130783,6.322290,130,trace
a40,A40,155.31919,46.130401,6.322630,130,trace
a40,A40,155.36911,46.130017,6.322967,129,trace
a40,A40,155.41905,46.129630,6.323297,128,trace
a40,A40,155.46901,46.129241,6.323620,126,trace
a40,A40,155.51897,46.128850,6.323940,124,trace
a40,A40,155.56893,46.128459,6.324258,121,trace
a40,A40,155.61889,46.128067,6.324575,122,trace
a40,A40,155.66885,46.127674,6.324888,123,trace
a40,A40,155.71880,46.127278,6.325194,125,trace
a40,A40,155.76874,46.126879,6.325491,127,trace
a40,A40,155.81865,46.126477,6.325780,128,trace
a40,A40,155.86847,46.126075,6.326069,128,trace
a40,A40,155.91816,46.125673,6.326358,129,trace
a40,A40,155.96807,46.125272,6.326650,129,trace
a40,A40,156.01799,46.124871,6.326941,129,trace
a40,A40,156.06790,46.124470,6.327234,130,trace
a40,A40,156.11785,46.124071,6.327533,129,trace
a40,A40,156.16783,46.123674,6.327836,129,trace
a40,A40,156.21782,46.123279,6.328144,130,trace
a40,A40,156.26783,46.122886,6.328456,130,trace
a40,A40,156.31786,46.122495,6.328777,129,trace
a40,A40,156.36789,46.122108,6.329105,129,trace
a40,A40,156.41793,46.121724,6.329441,130,trace
a40,A40,156.46796,46.121343,6.329785,130,trace
a40,A40,156.49493,46.121138,6.329971,130,trace
a40,A40,156.84900,46.118560,6.332685,,pr
a40,A40,156.87120,46.118342,6.332751,144,trace
a40,A40,156.92118,46.117992,6.333157,144,trace
a40,A40,156.97117,46.117641,6.333563,144,trace
a40,A40,157.02115,46.117291,6.333969,144,trace
a40,A40,157.07111,46.116948,6.334386,144,trace
a40,A40,157.12108,46.116604,6.334802,144,trace
a40,A40,157.17104,46.116260,6.335219,144,trace
a40,A40,157.22100,46.115916,6.335637,144,trace
a40,A40,157.27095,46.115575,6.336058,144,trace
a40,A40,157.32091,46.115233,6.336479,144,trace
a40,A40,157.37086,46.114891,6.336899,144,trace
a40,A40,157.42083,46.114547,6.337315,144,trace
a40,A40,157.47079,46.114202,6.337730,144,trace
a40,A40,157.52076,46.113856,6.338143,144,trace
a40,A40,157.57074,46.113503,6.338544,144,trace
a40,A40,157.62071,46.113147,6.338938,144,trace
a40,A40,157.67066,46.112786,6.339324,144,trace
a40,A40,157.72060,46.112424,6.339707,144,trace
a40,A40,157.77054,46.112062,6.340090,144,trace
a40,A40,157.82044,46.111695,6.340464,144,trace
a40,A40,157.87058,46.111327,6.340836,144,trace
a40,A40,157.92122,46.110957,6.341202,144,trace
a40,A40,157.97138,46.110578,6.341550,144,trace
a40,A40,158.02136,46.110195,6.341889,144,trace
a40,A40,158.07133,46.109813,6.342229,144,trace
a40,A40,158.12131,46.109430,6.342568,144,trace
a40,A40,158.17129,46.109047,6.342907,144,trace
a40,A40,158.22128,46.108660,6.343235,144,trace
a40,A40,158.27128,46.108271,6.343559,144,trace
a40,A40,158.32128,46.107881,6.343881,144,trace
a40,A40,158.37129,46.107492,6.344204,144,trace
a40,A40,158.42129,46.107103,6.344527,144,trace
a40,A40,158.47129,46.106711,6.344845,144,trace
a40,A40,158.52127,46.106317,6.345154,144,trace
a40,A40,158.57124,46.105919,6.345456,144,trace
a40,A40,158.62120,46.105520,6.345753,144,trace
a40,A40,158.67114,46.105119,6.346046,144,trace
a40,A40,158.72105,46.104717,6.346333,144,trace
a40,A40,158.77093,46.104312,6.346615,142,trace
a40,A40,158.82081,46.103908,6.346896,140,trace
a40,A40,158.87077,46.103508,6.347191,136,trace
a40,A40,158.92074,46.103108,6.347487,133,trace
a40,A40,158.97070,46.102709,6.347785,131,trace
a40,A40,159.02065,46.102310,6.348081,130,trace
a40,A40,159.07061,46.101911,6.348379,130,trace
a40,A40,159.12058,46.101513,6.348679,130,trace
a40,A40,159.17056,46.101117,6.348985,130,trace
a40,A40,159.22055,46.100723,6.349295,130,trace
a40,A40,159.27054,46.100329,6.349608,130,trace
a40,A40,159.32054,46.099936,6.349921,129,trace
a40,A40,159.37053,46.099543,6.350234,129,trace
a40,A40,159.42052,46.099150,6.350547,129,trace
a40,A40,159.47052,46.098756,6.350860,130,trace
a40,A40,159.52051,46.098365,6.351177,130,trace
a40,A40,159.57051,46.097976,6.351502,130,trace
a40,A40,159.62049,46.097591,6.351835,129,trace
a40,A40,159.67045,46.097210,6.352178,130,trace
a40,A40,159.72037,46.096832,6.352528,130,trace
a40,A40,159.77027,46.096456,6.352882,130,trace
a40,A40,159.82015,46.096082,6.353240,130,trace
a40,A40,159.86868,46.095712,6.353608,130,trace
a40,A40,159.91743,46.095345,6.353982,130,trace
a40,A40,159.96729,46.094982,6.354362,130,trace
a40,A40,160.01716,46.094618,6.354742,130,trace
a40,A40,160.06706,46.094257,6.355127,130,trace
a40,A40,160.11698,46.093898,6.355517,130,trace
a40,A40,160.16695,46.093545,6.355916,130,trace
a40,A40,160.21694,46.093193,6.356320,130,trace
a40,A40,160.26693,46.092844,6.356727,130,trace
a40,A40,160.31693,46.092498,6.357139,130,trace
a40,A40,160.36694,46.092153,6.357555,130,trace
a40,A40,160.41695,46.091812,6.357976,130,trace
a40,A40,160.46695,46.091474,6.358404,130,trace
a40,A40,160.51694,46.091140,6.358835,130,trace
a40,A40,160.56691,46.090807,6.359271,130,trace
a40,A40,160.61687,46.090478,6.359711,130,trace
a40,A40,160.66679,46.090153,6.360158,130,trace
a40,A40,160.71669,46.089830,6.360608,130,trace
a40,A40,160.76657,46.089508,6.361060,130,trace
a40,A40,160.81636,46.089194,6.361523,130,trace
a40,A40,160.86545,46.088882,6.361989,130,trace
a40,A40,160.91425,46.088572,6.362457,130,trace
a40,A40,160.96421,46.088264,6.362929,130,trace
a40,A40,161.01418,46.087962,6.363408,130,trace
a40,A40,161.06415,46.087662,6.363890,130,trace
a40,A40,161.11413,46.087364,6.364374,130,trace
a40,A40,161.16410,46.087070,6.364864,130,trace
a40,A40,161.21406,46.086778,6.365356,130,trace
a40,A40,161.26403,46.086487,6.365849,130,trace
a40,A40,161.31398,46.086199,6.366346,130,trace
a40,A40,161.36393,46.085911,6.366843,130,trace
a40,A40,161.41388,46.085623,6.367340,130,trace
a40,A40,161.46384,46.085334,6.367836,129,trace
a40,A40,161.51379,46.085044,6.368330,129,trace
a40,A40,161.56376,46.084753,6.368824,130,trace
a40,A40,161.61372,46.084459,6.369314,130,trace
a40,A40,161.66370,46.084163,6.369800,129,trace
a40,A40,161.71367,46.083863,6.370283,129,trace
a40,A40,161.76364,46.083560,6.370760,129,trace
a40,A40,161.81358,46.083249,6.371228,129,trace
a40,A40,161.86399,46.082932,6.371687,129,trace
a40,A40,161.91502,46.082609,6.372136,129,trace
a40,A40,161.96489,46.082276,6.372570,130,trace
a40,A40,162.01479,46.081938,6.372997,130,trace
a40,A40,162.06474,46.081596,6.373418,129,trace
a40,A40,162.11474,46.081249,6.373829,130,trace
a40,A40,162.16475,46.080899,6.374233,130,trace
a40,A40,162.21476,46.080544,6.374631,129,trace
a40,A40,162.26478,46.080185,6.375019,130,trace
a40,A40,162.31478,46.079821,6.375399,129,trace
a40,A40,162.36478,46.079457,6.375777,129,trace
a40,A40,162.41479,46.079094,6.376159,130,trace
a40,A40,162.46478,46.078727,6.376533,130,trace
a40,A40,162.51476,46.078360,6.376905,130,trace
a40,A40,162.56473,46.077991,6.377275,130,trace
a40,A40,162.61469,46.077622,6.377644,129,trace
a40,A40,162.66466,46.077253,6.378014,129,trace
a40,A40,162.71464,46.076885,6.378385,130,trace
a40,A40,162.76462,46.076518,6.378758,130,trace
a40,A40,162.81408,46.076151,6.379131,130,trace
a40,A40,162.86342,46.075784,6.379505,130,trace
a40,A40,162.91305,46.075418,6.379881,130,trace
a40,A40,162.96274,46.075056,6.380263,130,trace
a40,A40,163.01247,46.074695,6.380649,130,trace
a40,A40,163.06224,46.074337,6.381039,130,trace
a40,A40,163.11205,46.073981,6.381435,130,trace
a40,A40,163.16189,46.073628,6.381835,130,trace
a40,A40,163.21177,46.073277,6.382239,130,trace
a40,A40,163.26169,46.072932,6.382654,130,trace
a40,A40,163.31163,46.072591,6.383074,130,trace
a40,A40,163.36159,46.072253,6.383502,130,trace
a40,A40,163.41156,46.071923,6.383940,130,trace
a40,A40,163.46152,46.071597,6.384385,130,trace
a40,A40,163.51143,46.071277,6.384839,130,trace
a40,A40,163.56124,46.070969,6.385310,130,trace
a40,A40,163.61099,46.070665,6.385788,130,trace
a40,A40,163.66069,46.070366,6.386270,130,trace
a40,A40,163.71033,46.070069,6.386757,129,trace
a40,A40,163.75978,46.069784,6.387256,130,trace
a40,A40,163.80811,46.069503,6.387761,130,trace
a40,A40,163.85557,46.069228,6.388273,130,trace
a40,A40,163.90472,46.068961,6.388794,130,trace
a40,A40,163.95404,46.068702,6.389322,130,trace
a40,A40,164.00350,46.068450,6.389858,130,trace
a40,A40,164.05317,46.068208,6.390403,130,trace
a40,A40,164.10295,46.067974,6.390956,129,trace
a40,A40,164.15280,46.067746,6.391514,129,trace
a40,A40,164.20271,46.067525,6.392077,130,trace
a40,A40,164.25270,46.067314,6.392649,130,trace
a40,A40,164.30272,46.067110,6.393226,130,trace
a40,A40,164.35275,46.066913,6.393808,130,trace
a40,A40,164.40278,46.066729,6.394398,130,trace
a40,A40,164.45276,46.066552,6.394993,130,trace
a40,A40,164.50271,46.066383,6.395593,130,trace
a40,A40,164.55257,46.066224,6.396198,130,trace
a40,A40,164.60234,46.066073,6.396808,130,trace
a40,A40,164.65201,46.065929,6.397421,130,trace
a40,A40,164.70153,46.065796,6.398039,130,trace
a40,A40,164.75085,46.065672,6.398662,130,trace
a40,A40,164.79931,46.065556,6.399287,130,trace
a40,A40,164.84629,46.065448,6.399915,130,trace
a40,A40,164.89514,46.065347,6.400546,129,trace
a40,A40,164.94425,46.065250,6.401178,129,trace
a40,A40,164.99348,46.065159,6.401812,130,trace
a40,A40,165.04298,46.065084,6.402450,130,trace
a40,A40,165.09264,46.065021,6.403091,130,trace
a40,A40,165.14242,46.064967,6.403733,130,trace
a40,A40,165.19232,46.064928,6.404378,130,trace
a40,A40,165.24227,46.064896,6.405024,130,trace
a40,A40,165.29223,46.064871,6.405670,130,trace
a40,A40,165.34222,46.064855,6.406317,130,trace
a40,A40,165.39220,46.064851,6.406964,129,trace
a40,A40,165.44214,46.064856,6.407612,129,trace
a40,A40,165.49204,46.064870,6.408259,129,trace
a40,A40,165.54177,46.064902,6.408904,129,trace
a40,A40,165.59139,46.064943,6.409549,129,trace
a40,A40,165.64090,46.064993,6.410192,129,trace
a40,A40,165.69027,46.065051,6.410834,129,trace
a40,A40,165.73949,46.065116,6.411475,129,trace
a40,A40,165.78827,46.065187,6.412114,129,trace
a40,A40,165.83567,46.065268,6.412751,130,trace
a40,A40,165.88479,46.065358,6.413385,130,trace
a40,A40,165.93447,46.065456,6.414017,130,trace
a40,A40,165.98424,46.065561,6.414646,130,trace
a40,A40,166.03411,46.065678,6.415271,130,trace
a40,A40,166.08403,46.065800,6.415894,130,trace
a40,A40,166.13397,46.065927,6.416515,130,trace
a40,A40,166.18396,46.066065,6.417131,129,trace
a40,A40,166.23396,46.066209,6.417744,129,trace
a40,A40,166.28395,46.066357,6.418355,130,trace
a40,A40,166.33394,46.066511,6.418963,130,trace
a40,A40,166.38393,46.066669,6.419569,130,trace
a40,A40,166.43389,46.066830,6.420174,130,trace
a40,A40,166.48383,46.066997,6.420775,130,trace
a40,A40,166.53375,46.067167,6.421374,130,trace
a40,A40,166.58365,46.067340,6.421971,130,trace
a40,A40,166.63355,46.067514,6.422568,130,trace
a40,A40,166.68340,46.067692,6.423162,130,trace
a40,A40,166.73325,46.067871,6.423756,130,trace
a40,A40,166.78308,46.068051,6.424349,129,trace
a40,A40,166.83269,46.068231,6.424943,129,trace
a40,A40,166.88255,46.068410,6.425536,129,trace
a40,A40,166.93255,46.068590,6.426129,129,trace
a40,A40,166.98255,46.068770,6.426722,130,trace
a40,A40,167.03256,46.068949,6.427316,130,trace
a40,A40,167.08256,46.069128,6.427910,130,trace
a40,A40,167.13256,46.069308,6.428503,130,trace
a40,A40,167.18257,46.069486,6.429097,130,trace
a40,A40,167.23257,46.069665,6.429691,130,trace
a40,A40,167.28258,46.069843,6.430285,130,trace
a40,A40,167.33258,46.070022,6.430880,130,trace
a40,A40,167.38259,46.070200,6.431474,130,trace
a40,A40,167.43259,46.070378,6.432068,130,trace
a40,A40,167.48260,46.070553,6.432664,130,trace
a40,A40,167.49812,46.070607,6.432849,130,trace
a40,A40,167.81100,46.071680,6.436593,,pr
a40,A40,168.80800,46.073042,6.449356,,pr
a40,A40,169.18562,46.072693,6.454222,130,trace
a40,A40,169.23559,46.072631,6.454863,130,trace
a40,A40,169.28556,46.072568,6.455505,130,trace
a40,A40,169.33554,46.072510,6.456147,130,trace
a40,A40,169.38552,46.072450,6.456788,130,trace
a40,A40,169.43548,46.072387,6.457429,130,trace
a40,A40,169.48545,46.072320,6.458069,129,trace
a40,A40,169.53541,46.072254,6.458710,129,trace
a40,A40,169.58537,46.072189,6.459350,129,trace
a40,A40,169.63534,46.072126,6.459992,130,trace
a40,A40,169.68531,46.072062,6.460632,130,trace
a40,A40,169.73527,46.071997,6.461273,129,trace
a40,A40,169.78523,46.071931,6.461913,130,trace
a40,A40,169.83547,46.071867,6.462554,130,trace
a40,A40,169.88566,46.071803,6.463195,130,trace
a40,A40,169.93562,46.071740,6.463836,130,trace
a40,A40,169.98557,46.071677,6.464477,130,trace
a40,A40,170.03553,46.071614,6.465118,130,trace
a40,A40,170.08550,46.071549,6.465759,130,trace
a40,A40,170.13547,46.071484,6.466399,130,trace
a40,A40,170.18544,46.071418,6.467040,130,trace
a40,A40,170.23541,46.071353,6.467680,130,trace
a40,A40,170.28537,46.071290,6.468321,129,trace
a40,A40,170.33533,46.071225,6.468962,129,trace
a40,A40,170.38532,46.071155,6.469601,130,trace
a40,A40,170.43533,46.071071,6.470237,129,trace
a40,A40,170.48534,46.070986,6.470873,129,trace
a40,A40,170.53534,46.070896,6.471507,129,trace
a40,A40,170.58534,46.070802,6.472140,130,trace
a40,A40,170.63527,46.070694,6.472769,130,trace
a40,A40,170.68514,46.070578,6.473394,130,trace
a40,A40,170.73497,46.070454,6.474016,130,trace
a40,A40,170.78511,46.070311,6.474630,130,trace
a40,A40,170.83514,46.070161,6.475240,130,trace
a40,A40,170.88511,46.070005,6.475847,130,trace
a40,A40,170.93504,46.069843,6.476451,130,trace
a40,A40,170.98497,46.069681,6.477055,130,trace
a40,A40,171.03490,46.069519,6.477659,130,trace
a40,A40,171.08482,46.069354,6.478261,129,trace
a40,A40,171.13475,46.069192,6.478864,130,trace
a40,A40,171.18467,46.069028,6.479467,130,trace
a40,A40,171.23457,46.068861,6.480068,130,trace
a40,A40,171.28449,46.068698,6.480672,130,trace
a40,A40,171.33441,46.068534,6.481274,130,trace
a40,A40,171.38432,46.068369,6.481877,129,trace
a40,A40,171.43427,46.068209,6.482481,130,trace
a40,A40,171.48422,46.068052,6.483088,130,trace
a40,A40,171.53420,46.067902,6.483698,130,trace
a40,A40,171.58419,46.067772,6.484317,130,trace
a40,A40,171.63397,46.067669,6.484947,130,trace
a40,A40,171.68362,46.067581,6.485582,130,trace
a40,A40,171.73313,46.067502,6.486219,130,trace
a40,A40,171.77823,46.067459,6.486863,130,trace
a40,A40,171.82478,46.067436,6.487509,130,trace
a40,A40,171.87357,46.067433,6.488157,130,trace
a40,A40,171.92304,46.067464,6.488803,130,trace
a40,A40,171.97276,46.067518,6.489445,130,trace
a40,A40,172.02268,46.067592,6.490083,130,trace
a40,A40,172.07266,46.067690,6.490715,130,trace
a40,A40,172.12261,46.067800,6.491342,130,trace
a40,A40,172.17255,46.067914,6.491968,129,trace
a40,A40,172.22249,46.068026,6.492595,129,trace
a40,A40,172.27245,46.068136,6.493223,130,trace
a40,A40,172.32239,46.068248,6.493850,130,trace
a40,A40,172.37231,46.068365,6.494475,130,trace
a40,A40,172.42221,46.068485,6.495099,130,trace
a40,A40,172.47211,46.068606,6.495722,130,trace
a40,A40,172.52201,46.068726,6.496346,130,trace
a40,A40,172.57191,46.068847,6.496970,130,trace
a40,A40,172.62182,46.068965,6.497594,130,trace
a40,A40,172.67175,46.069080,6.498220,130,trace
a40,A40,172.72171,46.069191,6.498847,130,trace
a40,A40,172.77256,46.069293,6.499478,130,trace
a40,A40,172.82316,46.069388,6.500110,130,trace
a40,A40,172.87265,46.069472,6.500747,129,trace
a40,A40,172.92227,46.069546,6.501385,129,trace
a40,A40,172.97203,46.069608,6.502026,129,trace
a40,A40,173.02191,46.069658,6.502669,130,trace
a40,A40,173.05743,46.069694,6.503128,130,trace
a40,A40,173.78700,46.069828,6.512576,,pr
a40,A40,173.83908,46.069768,6.513260,130,trace
a40,A40,173.88895,46.069773,6.513907,130,trace
a40,A40,173.93884,46.069781,6.514554,130,trace
a40,A40,173.98875,46.069792,6.515201,129,trace
a40,A40,174.03872,46.069815,6.515848,130,trace
a40,A40,174.08871,46.069843,6.516494,130,trace
a40,A40,174.13870,46.069876,6.517140,130,trace
a40,A40,174.18870,46.069918,6.517784,130,trace
a40,A40,174.23870,46.069960,6.518429,130,trace
a40,A40,174.28869,46.070002,6.519073,130,trace
a40,A40,174.33869,46.070045,6.519718,130,trace
a40,A40,174.38865,46.070099,6.520361,130,trace
a40,A40,174.43862,46.070154,6.521003,130,trace
a40,A40,174.48859,46.070206,6.521646,130,trace
a40,A40,174.53854,46.070263,6.522288,129,trace
a40,A40,174.58851,46.070316,6.522931,129,trace
a40,A40,174.63849,46.070367,6.523574,129,trace
a40,A40,174.68845,46.070422,6.524217,130,trace
a40,A40,174.73857,46.070474,6.524860,130,trace
a40,A40,174.78866,46.070524,6.525503,130,trace
a40,A40,174.83856,46.070573,6.526147,129,trace
a40,A40,174.88847,46.070619,6.526791,130,trace
a40,A40,174.93839,46.070664,6.527435,130,trace
a40,A40,174.98832,46.070707,6.528079,130,trace
a40,A40,175.03826,46.070748,6.528724,129,trace
a40,A40,175.08822,46.070785,6.529369,129,trace
a40,A40,175.13819,46.070820,6.530015,130,trace
a40,A40,175.18818,46.070852,6.530661,130,trace
a40,A40,175.23817,46.070880,6.531307,130,trace
a40,A40,175.28816,46.070907,6.531953,130,trace
a40,A40,175.33816,46.070928,6.532600,130,trace
a40,A40,175.38816,46.070945,6.533247,130,trace
a40,A40,175.43815,46.070959,6.533894,130,trace
a40,A40,175.48814,46.070969,6.534541,130,trace
a40,A40,175.53811,46.070972,6.535188,130,trace
a40,A40,175.58806,46.070972,6.535836,130,trace
a40,A40,175.63799,46.070967,6.536483,130,trace
a40,A40,175.68781,46.070948,6.537130,130,trace
a40,A40,175.73862,46.070920,6.537776,130,trace
a40,A40,175.78979,46.070884,6.538421,130,trace
a40,A40,175.83853,46.070833,6.539065,130,trace
a40,A40,175.88754,46.070772,6.539706,130,trace
a40,A40,175.93672,46.070703,6.540346,130,trace
a40,A40,175.98610,46.070623,6.540983,130,trace
a40,A40,176.03571,46.070530,6.541616,130,trace
a40,A40,176.08543,46.070427,6.542246,130,trace
a40,A40,176.13525,46.070316,6.542873,130,trace
a40,A40,176.18519,46.070191,6.543495,129,trace
a40,A40,176.23517,46.070057,6.544113,129,trace
a40,A40,176.28518,46.069912,6.544725,129,trace
a40,A40,176.33518,46.069751,6.545330,130,trace
a40,A40,176.38515,46.069584,6.545931,130,trace
a40,A40,176.43507,46.069409,6.546527,130,trace
a40,A40,176.48486,46.069221,6.547115,129,trace
a40,A40,176.53447,46.069020,6.547694,129,trace
a40,A40,176.58391,46.068809,6.548265,129,trace
a40,A40,176.63310,46.068586,6.548827,130,trace
a40,A40,176.68193,46.068349,6.549377,130,trace
a40,A40,176.73193,46.068105,6.549921,130,trace
a40,A40,176.78360,46.067855,6.550459,130,trace
a40,A40,176.83339,46.067595,6.550986,130,trace
a40,A40,176.88320,46.067328,6.551507,130,trace
a40,A40,176.93308,46.067054,6.552020,130,trace
a40,A40,176.98304,46.066770,6.552521,130,trace
a40,A40,177.03301,46.066479,6.553015,130,trace
a40,A40,177.08299,46.066184,6.553503,130,trace
a40,A40,177.13297,46.065885,6.553985,130,trace
a40,A40,177.18293,46.065581,6.554461,130,trace
a40,A40,177.23288,46.065274,6.554934,130,trace
a40,A40,177.28282,46.064964,6.555402,130,trace
a40,A40,177.33272,46.064650,6.555866,130,trace
a40,A40,177.38262,46.064336,6.556329,130,trace
a40,A40,177.43252,46.064022,6.556792,129,trace
a40,A40,177.48245,46.063711,6.557258,130,trace
a40,A40,177.53239,46.063403,6.557729,130,trace
a40,A40,177.58235,46.063098,6.558205,130,trace
a40,A40,177.63232,46.062800,6.558689,130,trace
a40,A40,177.68230,46.062508,6.559181,130,trace
a40,A40,177.73191,46.062222,6.559680,130,trace
a40,A40,177.78032,46.061944,6.560189,130,trace
a40,A40,177.82993,46.061688,6.560720,130,trace
a40,A40,177.87990,46.061443,6.561262,130,trace
a40,A40,177.92990,46.061209,6.561815,130,trace
a40,A40,177.97987,46.060988,6.562378,130,trace
a40,A40,178.02980,46.060776,6.562949,130,trace
a40,A40,178.07966,46.060572,6.563525,130,trace
a40,A40,178.12939,46.060381,6.564111,130,trace
a40,A40,178.17907,46.060192,6.564699,130,trace
a40,A40,178.22874,46.060005,6.565287,129,trace
a40,A40,178.27848,46.059813,6.565872,130,trace
a40,A40,178.32832,46.059610,6.566450,130,trace
a40,A40,178.37824,46.059398,6.567020,130,trace
a40,A40,178.42823,46.059174,6.567581,129,trace
a40,A40,178.47819,46.058927,6.568122,129,trace
a40,A40,178.52807,46.058670,6.568652,129,trace
a40,A40,178.57787,46.058404,6.569173,129,trace
a40,A40,178.62756,46.058130,6.569686,126,trace
a40,A40,178.67730,46.057859,6.570203,123,trace
a40,A40,178.72709,46.057593,6.570724,121,trace
a40,A40,178.77687,46.057328,6.571247,119,trace
a40,A40,178.82685,46.057084,6.571790,118,trace
a40,A40,178.87678,46.056866,6.572355,115,trace
a40,A40,178.92649,46.056678,6.572942,113,trace
a40,A40,178.97576,46.056518,6.573547,111,trace
a40,A40,179.02438,46.056386,6.574165,111,trace
a40,A40,179.07241,46.056272,6.574791,111,trace
a40,A40,179.11999,46.056173,6.575422,111,trace
a40,A40,179.16753,46.056074,6.576054,110,trace
a40,A40,179.21559,46.055960,6.576679,110,trace
a40,A40,179.26456,46.055813,6.577292,110,trace
a40,A40,179.31414,46.055636,6.577886,110,trace
a40,A40,179.36404,46.055428,6.578459,110,trace
a40,A40,179.41401,46.055191,6.579008,110,trace
a40,A40,179.46378,46.054926,6.579530,110,trace
a40,A40,179.51310,46.054634,6.580022,110,trace
a40,A40,179.56140,46.054312,6.580472,110,trace
a40,A40,179.60849,46.053966,6.580884,111,trace
a40,A40,179.65419,46.053600,6.581258,111,trace
a40,A40,179.69876,46.053217,6.581594,111,trace
a40,A40,179.74288,46.052820,6.581899,110,trace
a40,A40,179.78780,46.052424,6.582205,110,trace
a40,A40,179.83339,46.052035,6.582528,110,trace
a40,A40,179.88004,46.051660,6.582882,110,trace
a40,A40,179.92780,46.051302,6.583272,110,trace
a40,A40,179.97650,46.050964,6.583698,110,trace
a40,A40,180.02587,46.050647,6.584156,110,trace
a40,A40,180.07566,46.050352,6.584644,110,trace
a40,A40,180.12561,46.050077,6.585156,110,trace
a40,A40,180.17559,46.049822,6.585688,110,trace
a40,A40,180.22549,46.049583,6.586235,110,trace
a40,A40,180.27523,46.049359,6.586796,110,trace
a40,A40,180.32468,46.049154,6.587372,109,trace
a40,A40,180.37390,46.048959,6.587955,106,trace
a40,A40,180.42286,46.048776,6.588546,102,trace
a40,A40,180.47156,46.048603,6.589144,99,trace
a40,A40,180.52009,46.048436,6.589744,96,trace
a40,A40,180.56844,46.048275,6.590348,93,trace
a40,A40,180.61639,46.048127,6.590959,90,trace
a40,A40,180.66412,46.047985,6.591573,87,trace
a40,A40,180.71175,46.047843,6.592187,84,trace
a40,A40,180.76044,46.047701,6.592801,80,trace
a40,A40,180.77043,46.047672,6.592923,79,trace
a40,A40,180.78042,46.047643,6.593046,78,trace
a40,A40,180.79041,46.047615,6.593169,77,trace
a40,A40,180.80040,46.047587,6.593292,76,trace
a40,A40,180.81039,46.047558,6.593415,75,trace
a40,A40,180.82038,46.047530,6.593538,74,trace
a40,A40,180.83037,46.047502,6.593660,73,trace
a40,A40,180.84037,46.047473,6.593783,72,trace
a40,A40,180.85036,46.047445,6.593906,71,trace
a40,A40,180.86035,46.047416,6.594028,70,trace
a40,A40,180.87034,46.047387,6.594151,69,trace
a40,A40,180.88033,46.047359,6.594274,67,trace
a40,A40,180.89032,46.047330,6.594396,65,trace
a40,A40,180.90031,46.047302,6.594519,64,trace
a40,A40,180.91023,46.047261,6.594634,63,trace
a40,A40,180.92016,46.047220,6.594750,62,trace
a40,A40,180.93013,46.047183,6.594867,60,trace
a40,A40,180.94010,46.047146,6.594985,59,trace
a40,A40,180.95008,46.047110,6.595104,58,trace
a40,A40,180.96007,46.047076,6.595224,57,trace
a40,A40,180.97007,46.047043,6.595344,55,trace
a40,A40,180.98006,46.047011,6.595465,53,trace
a40,A40,180.99006,46.046980,6.595587,52,trace
a40,A40,181.00005,46.046950,6.595709,51,trace
a40,A40,181.01005,46.046921,6.595831,50,trace
a40,A40,181.02004,46.046893,6.595954,47,trace
a40,A40,181.03002,46.046865,6.596077,43,trace
a40,A40,181.04001,46.046838,6.596200,40,trace
a40,A40,181.05000,46.046810,6.596323,38,trace
a40,A40,181.05999,46.046782,6.596447,37,trace
a40,A40,181.06997,46.046755,6.596570,39,trace
a40,A40,181.07995,46.046729,6.596694,44,trace
a40,A40,181.08992,46.046704,6.596818,47,trace
a40,A40,181.09988,46.046680,6.596943,52,trace
a40,A40,181.10983,46.046657,6.597068,57,trace
a40,A40,181.11977,46.046635,6.597193,62,trace
a40,A40,181.12968,46.046615,6.597319,67,trace
a40,A40,181.13957,46.046596,6.597446,71,trace
a40,A40,181.14943,46.046579,6.597573,72,trace
a40,A40,181.15928,46.046562,6.597700,73,trace
a40,A40,181.16912,46.046546,6.597828,75,trace
a40,A40,181.17896,46.046530,6.597955,77,trace
a40,A40,181.18884,46.046511,6.598081,79,trace
a40,A40,181.19877,46.046490,6.598207,81,trace
a40,A40,181.24840,46.046385,6.598836,89,trace
a40,A40,181.29827,46.046256,6.599456,97,trace
a40,A40,181.34815,46.046126,6.600075,103,trace
a40,A40,181.39806,46.045992,6.600693,106,trace
a40,A40,181.44801,46.045845,6.601305,108,trace
a40,A40,181.49795,46.045680,6.601906,111,trace
a40,A40,181.54775,46.045490,6.602492,113,trace
a40,A40,181.59699,46.045263,6.603051,115,trace
a40,A40,181.64528,46.045005,6.603579,117,trace
a40,A40,181.69597,46.044721,6.604080,119,trace
a40,A40,181.74793,46.044414,6.604552,120,trace
a40,A40,181.79593,46.044081,6.604986,122,trace
a40,A40,181.84500,46.043721,6.605372,123,trace
a40,A40,181.89457,46.043345,6.605723,125,trace
a40,A40,181.94446,46.042953,6.606041,127,trace
a40,A40,181.99445,46.042541,6.606298,128,trace
a40,A40,182.04417,46.042119,6.606518,128,trace
a40,A40,182.09365,46.041691,6.606711,129,trace
a40,A40,182.14278,46.041257,6.606877,129,trace
a40,A40,182.19175,46.040821,6.607032,129,trace
a40,A40,182.24072,46.040385,6.607187,129,trace
a40,A40,182.28974,46.039949,6.607346,130,trace
a40,A40,182.33921,46.039520,6.607537,130,trace
a40,A40,182.38890,46.039097,6.607752,130,trace
a40,A40,182.43880,46.038679,6.607991,130,trace
a40,A40,182.48882,46.038273,6.608268,130,trace
a40,A40,182.53879,46.037876,6.608568,130,trace
a40,A40,182.58867,46.037486,6.608890,130,trace
a40,A40,182.63827,46.037110,6.609244,130,trace
a40,A40,182.68782,46.036738,6.609606,130,trace
a40,A40,182.73722,46.036367,6.609970,130,trace
a40,A40,182.78627,46.035994,6.610330,130,trace
a40,A40,182.83543,46.035618,6.610685,130,trace
a40,A40,182.88471,46.035239,6.611031,130,trace
a40,A40,182.93417,46.034854,6.611365,130,trace
a40,A40,182.98386,46.034461,6.611678,130,trace
a40,A40,183.03366,46.034062,6.611975,130,trace
a40,A40,183.08356,46.033658,6.612257,130,trace
a40,A40,183.13352,46.033244,6.612509,130,trace
a40,A40,183.18347,46.032827,6.612748,130,trace
a40,A40,183.23339,46.032406,6.612975,130,trace
a40,A40,183.28324,46.031981,6.613185,130,trace
a40,A40,183.33299,46.031553,6.613381,130,trace
a40,A40,183.38267,46.031123,6.613567,130,trace
a40,A40,183.43227,46.030692,6.613746,130,trace
a40,A40,183.48181,46.030259,6.613917,130,trace
a40,A40,183.53129,46.029825,6.614084,130,trace
a40,A40,183.58071,46.029390,6.614245,130,trace
a40,A40,183.63010,46.028954,6.614404,130,trace
a40,A40,183.67996,46.028519,6.614564,130,trace
a40,A40,183.73031,46.028084,6.614727,130,trace
a40,A40,183.78020,46.027650,6.614892,130,trace
a40,A40,183.83010,46.027216,6.615058,130,trace
a40,A40,183.88000,46.026782,6.615226,130,trace
a40,A40,183.92992,46.026349,6.615397,130,trace
a40,A40,183.97985,46.025917,6.615572,130,trace
a40,A40,184.02980,46.025485,6.615751,130,trace
a40,A40,184.07976,46.025055,6.615936,130,trace
a40,A40,184.12974,46.024626,6.616128,129,trace
a40,A40,184.17973,46.024198,6.616325,129,trace
a40,A40,184.22972,46.023771,6.616528,130,trace
a40,A40,184.27971,46.023347,6.616742,130,trace
a40,A40,184.32968,46.022925,6.616961,130,trace
a40,A40,184.37965,46.022504,6.617186,130,trace
a40,A40,184.42958,46.022085,6.617420,129,trace
a40,A40,184.47950,46.021668,6.617658,129,trace
a40,A40,184.52939,46.021251,6.617902,130,trace
a40,A40,184.57922,46.020838,6.618155,130,trace
a40,A40,184.62903,46.020426,6.618412,130,trace
a40,A40,184.67865,46.020014,6.618670,130,trace
a40,A40,184.72778,46.019603,6.618931,130,trace
a40,A40,184.77763,46.019193,6.619194,130,trace
a40,A40,184.82763,46.018784,6.619461,130,trace
a40,A40,184.87764,46.018376,6.619732,130,trace
a40,A40,184.92764,46.017970,6.620010,130,trace
a40,A40,184.97764,46.017565,6.620289,130,trace
a40,A40,185.02764,46.017160,6.620569,130,trace
a40,A40,185.07764,46.016756,6.620851,129,trace
a40,A40,185.12764,46.016350,6.621129,129,trace
a40,A40,185.17764,46.015943,6.621403,129,trace
a40,A40,185.22765,46.015535,6.621673,130,trace
a40,A40,185.27765,46.015128,6.621947,130,trace
a40,A40,185.32766,46.014722,6.622221,130,trace
a40,A40,185.37766,46.014314,6.622492,130,trace
a40,A40,185.42767,46.013906,6.622763,130,trace
a40,A40,185.47767,46.013498,6.623035,130,trace
a40,A40,185.52768,46.013091,6.623307,130,trace
a40,A40,185.57768,46.012683,6.623579,130,trace
a40,A40,185.62769,46.012276,6.623851,130,trace
a40,A40,185.67771,46.011867,6.624119,130,trace
a40,A40,185.72773,46.011458,6.624386,130,trace
a40,A40,185.77775,46.011049,6.624653,130,trace
a40,A40,185.82778,46.010640,6.624920,130,trace
a40,A40,185.87768,46.010230,6.625184,130,trace
a40,A40,185.92743,46.009819,6.625446,130,trace
a40,A40,185.97719,46.009408,6.625707,130,trace
a40,A40,186.02694,46.008997,6.625968,130,trace
a40,A40,186.07689,46.008576,6.626190,130,trace
a40,A40,186.12689,46.008152,6.626404,130,trace
a40,A40,186.17688,46.007728,6.626618,130,trace
a40,A40,186.22688,46.007304,6.626832,130,trace
a40,A40,186.27688,46.006880,6.627046,130,trace
a40,A40,186.32687,46.006456,6.627257,130,trace
a40,A40,186.37679,46.006022,6.627423,130,trace
a40,A40,186.42660,46.005584,6.627570,130,trace
a40,A40,186.47631,46.005145,6.627703,130,trace
a40,A40,186.52594,46.004704,6.627826,130,trace
a40,A40,186.57540,46.004261,6.627934,130,trace
a40,A40,186.62516,46.003817,6.628031,130,trace
a40,A40,186.67572,46.003372,6.628113,130,trace
a40,A40,186.72578,46.002926,6.628188,130,trace
a40,A40,186.77578,46.002480,6.628267,130,trace
a40,A40,186.82578,46.002035,6.628353,130,trace
a40,A40,186.87578,46.001589,6.628432,130,trace
a40,A40,186.92578,46.001144,6.628518,130,trace
a40,A40,186.97577,46.000699,6.628609,130,trace
a40,A40,187.02577,46.000254,6.628701,130,trace
a40,A40,187.07576,45.999810,6.628797,130,trace
a40,A40,187.12575,45.999366,6.628893,129,trace
a40,A40,187.17574,45.998921,6.628981,129,trace
a40,A40,187.22574,45.998476,6.629065,130,trace
a40,A40,187.27574,45.998030,6.629147,132,trace
a40,A40,187.32574,45.997584,6.629224,134,trace
a40,A40,187.37574,45.997139,6.629313,134,trace
a40,A40,187.42574,45.996695,6.629403,134,trace
a40,A40,187.47574,45.996250,6.629491,134,trace
a40,A40,187.52573,45.995804,6.629573,134,trace
a40,A40,187.57573,45.995358,6.629653,134,trace
a40,A40,187.62574,45.994913,6.629735,134,trace
a40,A40,187.67613,45.994467,6.629814,134,trace
a40,A40,187.72617,45.994021,6.629891,134,trace
a40,A40,187.77549,45.993575,6.629966,134,trace
a40,A40,187.82493,45.993128,6.630030,134,trace
a40,A40,187.87447,45.992681,6.630085,134,trace
a40,A40,187.92415,45.992232,6.630127,134,trace
a40,A40,187.97396,45.991784,6.630152,134,trace
a40,A40,188.02381,45.991335,6.630172,134,trace
a40,A40,188.07369,45.990886,6.630186,134,trace
a40,A40,188.12368,45.990437,6.630173,134,trace
a40,A40,188.17368,45.989988,6.630142,134,trace
a40,A40,188.22368,45.989540,6.630090,134,trace
a40,A40,188.27360,45.989094,6.630018,134,trace
a40,A40,188.32349,45.988648,6.629938,134,trace
a40,A40,188.37332,45.988203,6.629849,134,trace
a40,A40,188.42303,45.987760,6.629744,134,trace
a40,A40,188.47269,45.987318,6.629634,134,trace
a40,A40,188.52232,45.986876,6.629520,134,trace
a40,A40,188.57188,45.986434,6.629400,134,trace
a40,A40,188.62134,45.985993,6.629276,134,trace
a40,A40,188.67066,45.985553,6.629149,134,trace
a40,A40,188.71990,45.985112,6.629030,134,trace
a40,A40,188.76922,45.984669,6.628918,134,trace
a40,A40,188.81865,45.984226,6.628814,134,trace
a40,A40,188.86821,45.983781,6.628724,134,trace
a40,A40,188.91786,45.983336,6.628644,134,trace
a40,A40,188.96761,45.982889,6.628574,135,trace
a40,A40,189.01752,45.982441,6.628535,134,trace
a40,A40,189.06745,45.981992,6.628514,134,trace
a40,A40,189.11741,45.981543,6.628516,135,trace
a40,A40,189.16721,45.981095,6.628558,134,trace
a40,A40,189.21701,45.980646,6.628601,134,trace
a40,A40,189.26682,45.980198,6.628644,134,trace
a40,A40,189.31655,45.979751,6.628696,135,trace
a40,A40,189.36627,45.979303,6.628751,135,trace
a40,A40,189.41597,45.978856,6.628809,134,trace
a40,A40,189.46567,45.978408,6.628866,134,trace
a40,A40,189.51544,45.977960,6.628913,134,trace
a40,A40,189.56529,45.977512,6.628947,134,trace
a40,A40,189.61523,45.977063,6.628961,134,trace
a40,A40,189.66535,45.976614,6.628959,134,trace
a40,A40,189.71568,45.976165,6.628940,134,trace
a40,A40,189.76568,45.975717,6.628885,135,trace
a40,A40,189.81567,45.975271,6.628813,135,trace
a40,A40,189.86568,45.974826,6.628723,135,trace
a40,A40,189.91565,45.974384,6.628615,134,trace
a40,A40,189.96556,45.973942,6.628495,134,trace
a40,A40,190.01541,45.973503,6.628362,134,trace
a40,A40,190.06520,45.973064,6.628221,134,trace
a40,A40,190.11500,45.972626,6.628081,134,trace
a40,A40,190.16483,45.972187,6.627944,134,trace
a40,A40,190.21469,45.971747,6.627815,134,trace
a40,A40,190.26461,45.971306,6.627694,134,trace
a40,A40,190.31457,45.970863,6.627583,134,trace
a40,A40,190.36457,45.970419,6.627490,134,trace
a40,A40,190.41458,45.969973,6.627409,134,trace
a40,A40,190.46458,45.969526,6.627342,134,trace
a40,A40,190.51449,45.969078,6.627303,134,trace
a40,A40,190.56424,45.968629,6.627286,134,trace
a40,A40,190.61378,45.968180,6.627289,133,trace
a40,A40,190.65816,45.967732,6.627332,130,trace
a40,A40,190.70412,45.967285,6.627393,126,trace
a40,A40,190.75142,45.966839,6.627472,121,trace
a40,A40,190.79929,45.966396,6.627575,118,trace
a40,A40,190.84792,45.965958,6.627716,115,trace
a40,A40,190.89698,45.965524,6.627882,111,trace
a40,A40,190.94639,45.965095,6.628072,108,trace
a40,A40,190.99609,45.964672,6.628289,106,trace
a40,A40,191.04597,45.964254,6.628528,103,trace
a40,A40,191.09591,45.963840,6.628777,102,trace
a40,A40,191.14566,45.963418,6.628999,102,trace
a40,A40,191.19477,45.962986,6.629171,99,trace
a40,A40,191.24299,45.962545,6.629292,92,trace
a40,A40,191.29068,45.962101,6.629387,83,trace
a40,A40,191.33788,45.961655,6.629463,80,trace
a40,A40,191.34730,45.961565,6.629477,79,trace
a40,A40,191.35671,45.961476,6.629491,79,trace
a40,A40,191.36611,45.961387,6.629505,78,trace
a40,A40,191.37550,45.961297,6.629518,78,trace
a40,A40,191.38489,45.961208,6.629531,77,trace
a40,A40,191.39428,45.961119,6.629544,77,trace
a40,A40,191.40365,45.961029,6.629557,76,trace
a40,A40,191.41303,45.960940,6.629570,76,trace
a40,A40,191.42240,45.960850,6.629582,75,trace
a40,A40,191.43166,45.960761,6.629591,74,trace
a40,A40,191.44063,45.960671,6.629590,73,trace
a40,A40,191.44968,45.960581,6.629592,72,trace
a40,A40,191.45897,45.960492,6.629602,69,trace
a40,A40,191.46825,45.960402,6.629612,66,trace
a40,A40,191.47754,45.960313,6.629621,64,trace
a40,A40,191.48683,45.960223,6.629631,60,trace
a40,A40,191.49612,45.960133,6.629640,55,trace
a40,A40,191.50575,45.960045,6.629663,51,trace
a40,A40,191.51517,45.959956,6.629679,50,trace
a40,A40,191.52434,45.959866,6.629684,49,trace
a40,A40,191.53360,45.959777,6.629693,48,trace
a40,A40,191.54285,45.959687,6.629701,47,trace
a40,A40,191.55207,45.959597,6.629709,46,trace
a40,A40,191.56126,45.959508,6.629715,45,trace
a40,A40,191.57034,45.959418,6.629718,44,trace
a40,A40,191.57908,45.959328,6.629711,42,trace
a40,A40,191.58748,45.959239,6.629696,42,trace
a40,A40,191.59545,45.959151,6.629671,41,trace
a40,A40,191.60293,45.959065,6.629636,40,trace
a40,A40,191.62153,45.958979,6.629595,38,trace
a40,A40,191.66149,45.958894,6.629554,37,trace
a40,A40,191.66955,45.958809,6.629512,36,trace
a40,A40,191.67759,45.958725,6.629469,33,trace
a40,A40,191.68581,45.958639,6.629431,31,trace
a40,A40,191.69448,45.958551,6.629403,30,trace
a40,A40,191.70395,45.958463,6.629407,25,trace
a40,A40,191.71385,45.958376,6.629436,20,trace
a40,A40,191.72375,45.958295,6.629491,19,trace
a40,A40,191.73365,45.958211,6.629534,24,trace
a40,A40,191.74329,45.958121,6.629539,27,trace
a40,A40,191.75310,45.958035,6.629569,29,trace
a40,A40,191.76304,45.957953,6.629621,28,trace
a40,A40,191.77042,45.957907,6.629731,27,trace
a40,A40,191.77794,45.957860,6.629841,27,trace
a40,A40,191.78569,45.957811,6.629949,30,trace
a40,A40,191.79556,45.957729,6.629999,33,trace
a40,A40,191.80552,45.957645,6.630045,36,trace
a40,A40,191.81538,45.957556,6.630062,37,trace
a40,A40,191.82487,45.957466,6.630060,38,trace
a40,A40,191.83372,45.957378,6.630037,39,trace
a40,A40,191.84301,45.957288,6.630028,38,trace
a40,A40,191.85243,45.957199,6.630023,39,trace
a40,A40,191.86185,45.957109,6.630018,38,trace
a40,A40,191.87127,45.957019,6.630013,38,trace
a40,A40,191.88069,45.956929,6.630007,38,trace
a40,A40,191.89011,45.956840,6.630002,38,trace
a40,A40,191.89953,45.956750,6.629997,38,trace
a40,A40,191.90896,45.956660,6.629993,38,trace
a40,A40,191.91841,45.956570,6.629989,38,trace
a40,A40,191.92786,45.956480,6.629985,38,trace
a40,A40,191.93731,45.956391,6.629981,38,trace
a40,A40,191.94676,45.956301,6.629977,38,trace
a40,A40,191.95622,45.956211,6.629973,38,trace
a40,A40,191.96568,45.956121,6.629970,38,trace
a40,A40,191.97514,45.956032,6.629966,38,trace
a40,A40,191.98461,45.955942,6.629963,38,trace
a40,A40,191.99408,45.955852,6.629960,38,trace
a40,A40,192.00357,45.955762,6.629957,38,trace
a40,A40,192.01306,45.955672,6.629955,37,trace
a40,A40,192.02255,45.955582,6.629953,35,trace
a40,A40,192.03204,45.955493,6.629950,27,trace
a40,A40,192.04153,45.955403,6.629948,16,trace
a40,A40,192.05102,45.955313,6.629946,19,trace
a40,A40,192.06051,45.955223,6.629943,24,trace
a40,A40,192.07000,45.955133,6.629941,32,trace
a40,A40,192.07950,45.955044,6.629939,36,trace
a40,A40,192.08900,45.954954,6.629937,39,trace
a40,A40,192.09850,45.954864,6.629935,42,trace
a40,A40,192.10800,45.954774,6.629934,44,trace
a40,A40,192.11770,45.954686,6.629946,44,trace
a40,A40,192.12700,45.954605,6.629980,45,trace
a40,A40,192.63900,45.951275,6.636863,,pr
a40,A40,193.63600,45.942545,6.639761,,pr
a40,A40,194.65900,45.934166,6.645186,,pr
a40,A40,195.63600,45.926708,6.651839,,pr
a40,A40,196.62300,45.922422,6.662997,,pr
a40,A40,197.61900,45.917919,6.674100,,pr
a40,A40,198.62100,45.914439,6.686041,,pr
a40,A40,199.61300,45.910525,6.697542,,pr
a40,A40,200.56600,45.909814,6.709802,,pr
d1212,D1212,0.00000,45.942225,6.629749,30,trace
d1212,D1212,0.00024,45.936009,6.629456,20,trace
d1212,D1212,0.00760,45.935921,6.629486,17,trace
d1212,D1212,0.01732,45.935834,6.629516,27,trace
d1212,D1212,0.02711,45.935746,6.629546,30,trace
d1212,D1212,0.03689,45.935659,6.629577,32,trace
d1212,D1212,0.04670,45.935572,6.629606,30,trace
d1212,D1212,0.05647,45.935484,6.629622,27,trace
d1212,D1212,0.06612,45.935397,6.629592,24,trace
d1212,D1212,0.07534,45.935313,6.629547,22,trace
d1212,D1212,0.08415,45.935233,6.629526,20,trace
d1212,D1212,0.09198,45.935165,6.629609,23,trace
d1212,D1212,0.10165,45.935078,6.629637,24,trace
d1212,D1212,0.11161,45.934989,6.629649,28,trace
d1212,D1212,0.12158,45.934900,6.629655,34,trace
d1212,D1212,0.12938,45.934828,6.629577,34,trace
d1212,D1212,0.13617,45.934764,6.629486,31,trace
d1212,D1212,0.14492,45.934685,6.629430,28,trace
d1212,D1212,0.15423,45.934600,6.629391,26,trace
d1212,D1212,0.16418,45.934510,6.629383,29,trace
d1212,D1212,0.17372,45.934425,6.629423,33,trace
d1212,D1212,0.18324,45.934341,6.629467,38,trace
d1212,D1212,0.19258,45.934258,6.629517,38,trace
d1212,D1212,0.20145,45.934180,6.629579,38,trace
d1212,D1212,0.20952,45.934109,6.629658,35,trace
d1212,D1212,0.21731,45.934041,6.629742,32,trace
d1212,D1212,0.22509,45.933973,6.629827,28,trace
d1212,D1212,0.23473,45.933887,6.629864,27,trace
d1212,D1212,0.24393,45.933804,6.629846,32,trace
d1212,D1212,0.25283,45.933722,6.629791,40,trace
d1212,D1212,0.26156,45.933643,6.629732,42,trace
d1212,D1212,0.27032,45.933563,6.629673,43,trace
d1212,D1212,0.27915,45.933482,6.629616,43,trace
d1212,D1212,0.28812,45.933400,6.629564,44,trace
d1212,D1212,0.29757,45.933314,6.629525,44,trace
d1212,D1212,0.30634,45.933234,6.629468,43,trace
d1212,D1212,0.31564,45.933149,6.629426,42,trace
d1212,D1212,0.32537,45.933061,6.629402,43,trace
d1212,D1212,0.33527,45.932972,6.629388,44,trace
d1212,D1212,0.34522,45.932883,6.629380,45,trace
d1212,D1212,0.35514,45.932793,6.629369,45,trace
d1212,D1212,0.36508,45.932703,6.629359,44,trace
d1212,D1212,0.37503,45.932614,6.629350,44,trace
d1212,D1212,0.38498,45.932524,6.629343,43,trace
d1212,D1212,0.39496,45.932434,6.629339,43,trace
d1212,D1212,0.40495,45.932345,6.629340,44,trace
d1212,D1212,0.41488,45.932256,6.629358,45,trace
d1212,D1212,0.42470,45.932168,6.629386,46,trace
d1212,D1212,0.43447,45.932081,6.629418,47,trace
d1212,D1212,0.44425,45.931994,6.629449,48,trace
d1212,D1212,0.45410,45.931906,6.629475,49,trace
d1212,D1212,0.46402,45.931817,6.629494,48,trace
d1212,D1212,0.47397,45.931728,6.629511,47,trace
d1212,D1212,0.48392,45.931639,6.629527,45,trace
d1212,D1212,0.49388,45.931549,6.629542,43,trace
d1212,D1212,0.50383,45.931460,6.629559,41,trace
d1212,D1212,0.51376,45.931372,6.629578,39,trace
d1212,D1212,0.52367,45.931283,6.629598,35,trace
d1212,D1212,0.53358,45.931194,6.629620,32,trace
d1212,D1212,0.54350,45.931106,6.629640,29,trace
d1212,D1212,0.55342,45.931017,6.629660,29,trace
d1212,D1212,0.56331,45.930928,6.629683,33,trace
d1212,D1212,0.57318,45.930840,6.629707,38,trace
d1212,D1212,0.58299,45.930753,6.629736,42,trace
d1212,D1212,0.59272,45.930666,6.629770,41,trace
d1212,D1212,0.60239,45.930580,6.629807,42,trace
d1212,D1212,0.61197,45.930495,6.629847,43,trace
d1212,D1212,0.62151,45.930410,6.629890,43,trace
d1212,D1212,0.63107,45.930325,6.629932,42,trace
d1212,D1212,0.64080,45.930238,6.629964,39,trace
d1212,D1212,0.65050,45.930151,6.629959,34,trace
d1212,D1212,0.65998,45.930065,6.629922,32,trace
d1212,D1212,0.66611,45.930008,6.629835,34,trace
d1212,D1212,0.67038,45.929967,6.629720,38,trace
d1212,D1212,0.67466,45.929925,6.629605,40,trace
d1212,D1212,0.67896,45.929884,6.629491,40,trace
d1212,D1212,0.68336,45.929842,6.629376,41,trace
d1212,D1212,0.68786,45.929799,6.629263,42,trace
d1212,D1212,0.69242,45.929755,6.629150,41,trace
d1212,D1212,0.69851,45.929699,6.629050,40,trace
d1212,D1212,0.70682,45.929622,6.628983,40,trace
d1212,D1212,0.71648,45.929535,6.628960,41,trace
d1212,D1212,0.72641,45.929446,6.628968,43,trace
d1212,D1212,0.73625,45.929358,6.628993,46,trace
d1212,D1212,0.74601,45.929271,6.629025,49,trace
d1212,D1212,0.75586,45.929183,6.629051,52,trace
d1212,D1212,0.76578,45.929094,6.629071,52,trace
d1212,D1212,0.77572,45.929005,6.629081,52,trace
d1212,D1212,0.78568,45.928915,6.629075,51,trace
d1212,D1212,0.79563,45.928826,6.629066,50,trace
d1212,D1212,0.80559,45.928736,6.629067,50,trace
d1212,D1212,0.81553,45.928647,6.629082,49,trace
d1212,D1212,0.82529,45.928560,6.629114,49,trace
d1212,D1212,0.83466,45.928474,6.629153,49,trace
d1212,D1212,0.84000,45.928389,6.629192,49,trace
d1212,D1212,0.84406,45.927879,6.629438,47,trace
d1212,D1212,0.85140,45.927810,6.629519,45,trace
d1212,D1212,0.85963,45.927759,6.629623,44,trace
d1212,D1212,0.86656,45.927724,6.629742,41,trace
d1212,D1212,0.87334,45.927691,6.629862,36,trace
d1212,D1212,0.88106,45.927647,6.629974,31,trace
d1212,D1212,0.88912,45.927590,6.630051,27,trace
d1212,D1212,0.89803,45.927500,6.630038,22,trace
d1212,D1212,0.89869,45.927478,6.629919,25,trace
d1212,D1212,0.89966,45.927413,6.629568,35,trace
d1212,D1212,0.90118,45.927340,6.629495,36,trace
d1212,D1212,0.90535,45.927265,6.629422,37,trace
d1212,D1212,0.90771,45.927221,6.629319,38,trace
d1212,D1212,0.91297,45.926890,6.628247,36,trace
d1212,D1212,0.91940,45.926806,6.628203,37,trace
d1212,D1212,0.92729,45.926719,6.628170,42,trace
d1212,D1212,0.93565,45.926631,6.628143,45,trace
d1212,D1212,0.94408,45.926543,6.628117,47,trace
d1212,D1212,0.95258,45.926455,6.628093,49,trace
d1212,D1212,0.96121,45.926366,6.628072,49,trace
d1212,D1212,0.96981,45.926278,6.628050,50,trace
d1212,D1212,0.97869,45.926189,6.628038,51,trace
d1212,D1212,0.98838,45.926100,6.628053,52,trace
d1212,D1212,0.99758,45.926010,6.628049,53,trace
d1212,D1212,1.00643,45.925921,6.628035,53,trace
d1212,D1212,1.01484,45.925833,6.628008,52,trace
d1212,D1212,1.02375,45.925744,6.627995,52,trace
d1212,D1212,1.03288,45.925654,6.627988,52,trace
d1212,D1212,1.04224,45.925565,6.627989,52,trace
d1212,D1212,1.05165,45.925475,6.627992,52,trace
d1212,D1212,1.06105,45.925385,6.627995,52,trace
d1212,D1212,1.07043,45.925295,6.627996,53,trace
d1212,D1212,1.07959,45.925205,6.627990,52,trace
d1212,D1212,1.08867,45.925116,6.627982,52,trace
d1212,D1212,1.09777,45.925026,6.627974,51,trace
d1212,D1212,1.10724,45.924936,6.627979,48,trace
d1212,D1212,1.11636,45.924847,6.627972,45,trace
d1212,D1212,1.12555,45.924757,6.627968,40,trace
d1212,D1212,1.13498,45.924667,6.627971,35,trace
d1212,D1212,1.14458,45.924578,6.627982,30,trace
d1212,D1212,1.15427,45.924498,6.628033,30,trace
d1212,D1212,1.16402,45.924424,6.628106,34,trace
d1212,D1212,1.17348,45.924355,6.628188,41,trace
d1212,D1212,1.18272,45.924290,6.628277,42,trace
d1212,D1212,1.19194,45.924225,6.628367,41,trace
d1212,D1212,1.20134,45.924157,6.628451,39,trace
d1212,D1212,1.21094,45.924078,6.628501,38,trace
d1212,D1212,1.22063,45.923989,6.628516,36,trace
d1212,D1212,1.23029,45.923900,6.628530,37,trace
d1212,D1212,1.24009,45.923812,6.628554,37,trace
d1212,D1212,1.24952,45.923724,6.628565,35,trace
d1212,D1212,1.25830,45.923635,6.628549,33,trace
d1212,D1212,1.26693,45.923547,6.628528,31,trace
d1212,D1212,1.27545,45.923458,6.628504,29,trace
d1212,D1212,1.27649,45.923419,6.628395,28,trace
d1212,D1212,1.27889,45.923198,6.627578,37,trace
d1212,D1212,1.28666,45.923111,6.627610,38,trace
d1212,D1212,1.29660,45.923025,6.627644,41,trace
d1212,D1212,1.30659,45.922940,6.627685,46,trace
d1212,D1212,1.31646,45.922852,6.627711,48,trace
d1212,D1212,1.32634,45.922764,6.627738,49,trace
d1212,D1212,1.33621,45.922676,6.627764,48,trace
d1212,D1212,1.34607,45.922588,6.627790,47,trace
d1212,D1212,1.35586,45.922499,6.627811,48,trace
d1212,D1212,1.36574,45.922411,6.627838,49,trace
d1212,D1212,1.37563,45.922324,6.627867,52,trace
d1212,D1212,1.38541,45.922235,6.627887,54,trace
d1212,D1212,1.39513,45.922146,6.627903,56,trace
d1212,D1212,1.40477,45.922057,6.627916,57,trace
d1212,D1212,1.41421,45.921967,6.627920,58,trace
d1212,D1212,1.42377,45.921877,6.627929,59,trace
d1212,D1212,1.43345,45.921788,6.627944,58,trace
d1212,D1212,1.44324,45.921699,6.627964,58,trace
d1212,D1212,1.45309,45.921612,6.627990,58,trace
d1212,D1212,1.46306,45.921526,6.628028,58,trace
d1212,D1212,1.47294,45.921446,6.628085,58,trace
d1212,D1212,1.48277,45.921370,6.628153,58,trace
d1212,D1212,1.49276,45.921285,6.628195,57,trace
d1212,D1212,1.50276,45.921200,6.628237,57,trace
d1212,D1212,1.51275,45.921115,6.628279,57,trace
d1212,D1212,1.52270,45.921028,6.628312,56,trace
d1212,D1212,1.53264,45.920941,6.628347,56,trace
d1212,D1212,1.54264,45.920857,6.628390,56,trace
d1212,D1212,1.63497,45.920770,6.628421,56,trace
d1212,D1212,1.73981,45.920682,6.628448,55,trace
d1212,D1212,1.74967,45.920594,6.628476,54,trace
d1212,D1212,1.75954,45.920506,6.628501,54,trace
d1212,D1212,1.76945,45.920418,6.628522,53,trace
d1212,D1212,1.77945,45.920328,6.628524,51,trace
d1212,D1212,1.78942,45.920239,6.628538,49,trace
d1212,D1212,1.79938,45.920150,6.628556,48,trace
d1212,D1212,1.80932,45.920061,6.628575,47,trace
d1212,D1212,1.81922,45.919973,6.628600,46,trace
d1212,D1212,1.82910,45.919885,6.628625,47,trace
d1212,D1212,1.83892,45.919796,6.628628,47,trace
d1212,D1212,1.84863,45.919708,6.628603,47,trace
d1212,D1212,1.85810,45.919622,6.628566,49,trace
d1212,D1212,1.86790,45.919534,6.628547,50,trace
d1212,D1212,1.87781,45.919444,6.628535,50,trace
d1212,D1212,1.88778,45.919355,6.628529,51,trace
d1212,D1212,1.89769,45.919266,6.628550,51,trace
d1212,D1212,1.90765,45.919177,6.628565,51,trace
d1212,D1212,1.91764,45.919087,6.628569,51,trace
d1212,D1212,1.92757,45.918998,6.628558,50,trace
d1212,D1212,1.93754,45.918908,6.628558,48,trace
d1212,D1212,1.94755,45.918818,6.628563,45,trace
d1212,D1212,1.95755,45.918729,6.628570,41,trace
d1212,D1212,1.96753,45.918639,6.628584,39,trace
d1212,D1212,1.97702,45.918555,6.628629,34,trace
d1212,D1212,1.98673,45.918469,6.628665,33,trace
d1212,D1212,1.99641,45.918383,6.628702,33,trace
d1212,D1212,2.00565,45.918302,6.628756,37,trace
d1212,D1212,2.01364,45.918232,6.628838,42,trace
d1212,D1212,2.02173,45.918162,6.628918,46,trace
d1212,D1212,2.03001,45.918090,6.628995,48,trace
d1212,D1212,2.03859,45.918015,6.629066,50,trace
d1212,D1212,2.04762,45.917935,6.629126,53,trace
d1212,D1212,2.05634,45.917859,6.629194,54,trace
d1212,D1212,2.06496,45.917783,6.629264,55,trace
d1212,D1212,2.07361,45.917708,6.629333,54,trace
d1212,D1212,2.08219,45.917632,6.629404,53,trace
d1212,D1212,2.09090,45.917556,6.629471,52,trace
d1212,D1212,2.10026,45.917474,6.629522,50,trace
d1212,D1212,2.10964,45.917391,6.629572,51,trace
d1212,D1212,2.11895,45.917308,6.629624,52,trace
d1212,D1212,2.12811,45.917228,6.629680,54,trace
d1212,D1212,2.13703,45.917149,6.629743,55,trace
d1212,D1212,2.14597,45.917071,6.629806,55,trace
d1212,D1212,2.15501,45.916991,6.629866,57,trace
d1212,D1212,2.16437,45.916909,6.629916,57,trace
d1212,D1212,2.17389,45.916824,6.629961,56,trace
d1212,D1212,2.18368,45.916737,6.629993,56,trace
d1212,D1212,2.19356,45.916649,6.630016,56,trace
d1212,D1212,2.20351,45.916560,6.630035,57,trace
d1212,D1212,2.21342,45.916472,6.630058,58,trace
d1212,D1212,2.22326,45.916384,6.630086,59,trace
d1212,D1212,2.23302,45.916298,6.630120,60,trace
d1212,D1212,2.24262,45.916212,6.630161,59,trace
d1212,D1212,2.25219,45.916128,6.630204,58,trace
d1212,D1212,2.26183,45.916042,6.630243,58,trace
d1212,D1212,2.27146,45.915957,6.630283,58,trace
d1212,D1212,2.28106,45.915872,6.630325,57,trace
d1212,D1212,2.29075,45.915786,6.630362,56,trace
d1212,D1212,2.30047,45.915699,6.630397,54,trace
d1212,D1212,2.31022,45.915613,6.630432,52,trace
d1212,D1212,2.32000,45.915526,6.630464,51,trace
d1212,D1212,2.32977,45.915439,6.630497,48,trace
d1212,D1212,2.33949,45.915353,6.630533,43,trace
d1212,D1212,2.34915,45.915267,6.630571,41,trace
d1212,D1212,2.35847,45.915185,6.630623,39,trace
d1212,D1212,2.36646,45.915115,6.630705,39,trace
d1212,D1212,2.37297,45.915060,6.630806,41,trace
d1212,D1212,2.37925,45.915006,6.630910,43,trace
d1212,D1212,2.38583,45.914950,6.631010,42,trace
d1212,D1212,2.39278,45.914890,6.631107,42,trace
d1212,D1212,2.40025,45.914826,6.631196,42,trace
d1212,D1212,2.40849,45.914754,6.631273,42,trace
d1212,D1212,2.41760,45.914673,6.631331,44,trace
d1212,D1212,2.42730,45.914587,6.631366,45,trace
d1212,D1212,2.43718,45.914499,6.631392,48,trace
d1212,D1212,2.44709,45.914411,6.631414,51,trace
d1212,D1212,2.45693,45.914323,6.631442,54,trace
d1212,D1212,2.46676,45.914236,6.631472,56,trace
d1212,D1212,2.47657,45.914148,6.631503,57,trace
d1212,D1212,2.48638,45.914061,6.631533,56,trace
d1212,D1212,2.49619,45.913974,6.631564,56,trace
d1212,D1212,2.50600,45.913887,6.631594,56,trace
d1212,D1212,2.51587,45.913799,6.631621,56,trace
d1212,D1212,2.52199,45.913710,6.631639,56,trace
d1212,D1212,2.52280,45.913620,6.631645,55,trace
d1212,D1212,2.52361,45.913531,6.631651,55,trace
d1212,D1212,2.52443,45.913441,6.631657,54,trace
d1212,D1212,2.52524,45.913351,6.631663,54,trace
d1212,D1212,2.52605,45.913261,6.631669,54,trace
d1212,D1212,2.52686,45.913172,6.631676,53,trace
d1212,D1212,2.52767,45.913082,6.631682,53,trace
d1212,D1212,2.52848,45.912992,6.631688,52,trace
d1212,D1212,2.52929,45.912902,6.631694,52,trace
d1212,D1212,2.53010,45.912813,6.631700,51,trace
d1212,D1212,2.53091,45.912723,6.631706,51,trace
d1212,D1212,2.53172,45.912633,6.631713,50,trace
d1212,D1212,2.53253,45.912544,6.631719,50,trace
d1212,D1212,2.53334,45.912454,6.631725,49,trace
d1212,D1212,2.53415,45.912364,6.631731,49,trace
d1212,D1212,2.53497,45.912274,6.631737,49,trace
d1212,D1212,2.53578,45.912185,6.631743,48,trace
d1212,D1212,2.53736,45.912123,6.631668,48,trace
d1212,D1212,2.53923,45.912072,6.631562,48,trace
d1212,D1212,2.54110,45.912021,6.631455,48,trace
d1212,D1212,2.54765,45.911945,6.631423,48,trace
d1212,D1212,2.55660,45.911855,6.631428,49,trace
d1212,D1212,2.56555,45.911765,6.631433,49,trace
d1212,D1212,2.57449,45.911676,6.631439,49,trace
d1212,D1212,2.58344,45.911586,6.631444,50,trace
d1212,D1212,2.59239,45.911496,6.631449,50,trace
d1212,D1212,2.60187,45.911410,6.631479,50,trace
d1212,D1212,2.61181,45.911327,6.631529,50,trace
d1212,D1212,2.62172,45.911244,6.631577,53,trace
d1212,D1212,2.63165,45.911161,6.631627,54,trace
d1212,D1212,2.64160,45.911079,6.631678,54,trace
d1212,D1212,2.65157,45.910997,6.631733,55,trace
d1212,D1212,2.66154,45.910916,6.631788,55,trace
d1212,D1212,2.67151,45.910835,6.631843,55,trace
d1212,D1212,2.68146,45.910752,6.631895,56,trace
d1212,D1212,2.69142,45.910670,6.631947,56,trace
d1212,D1212,2.70138,45.910588,6.632000,55,trace
d1212,D1212,2.71134,45.910507,6.632054,56,trace
d1212,D1212,2.72130,45.910425,6.632107,56,trace
d1212,D1212,2.73125,45.910343,6.632159,56,trace
d1212,D1212,2.74124,45.910263,6.632218,55,trace
d1212,D1212,2.75123,45.910184,6.632279,55,trace
d1212,D1212,2.76122,45.910105,6.632342,54,trace
d1212,D1212,2.77118,45.910024,6.632396,53,trace
d1212,D1212,2.78115,45.909942,6.632450,53,trace
d1212,D1212,2.79113,45.909861,6.632506,52,trace
d1212,D1212,2.80110,45.909780,6.632563,53,trace
d1212,D1212,2.81064,45.909695,6.632594,53,trace
d1212,D1212,2.81989,45.909605,6.632609,54,trace
d1212,D1212,2.82943,45.909517,6.632635,55,trace
d1212,D1212,2.83892,45.909429,6.632658,56,trace
d1212,D1212,2.84836,45.909341,6.632681,57,trace
d1212,D1212,2.85813,45.909255,6.632718,57,trace
d1212,D1212,2.86779,45.909168,6.632749,57,trace
d1212,D1212,2.87726,45.909079,6.632772,58,trace
d1212,D1212,2.88655,45.908990,6.632789,58,trace
d1212,D1212,2.89585,45.908901,6.632805,59,trace
d1212,D1212,2.90539,45.908813,6.632831,58,trace
d1212,D1212,2.91506,45.908726,6.632864,58,trace
d1212,D1212,2.92484,45.908640,6.632901,58,trace
d1212,D1212,2.93429,45.908552,6.632923,57,trace
d1212,D1212,2.94377,45.908463,6.632947,57,trace
d1212,D1212,2.95329,45.908375,6.632972,57,trace
d1212,D1212,2.96277,45.908287,6.632995,56,trace
d1212,D1212,2.97217,45.908198,6.633016,56,trace
d1212,D1212,2.98128,45.908109,6.633026,57,trace
d1212,D1212,2.99068,45.908020,6.633047,57,trace
d1212,D1212,3.00025,45.907932,6.633074,57,trace
d1212,D1212,3.01013,45.907848,6.633118,57,trace
d1212,D1212,3.01989,45.907763,6.633156,57,trace
d1212,D1212,3.02951,45.907675,6.633185,57,trace
d1212,D1212,3.03872,45.907586,6.633200,56,trace
d1212,D1212,3.04804,45.907497,6.633219,56,trace
d1212,D1212,3.05789,45.907413,6.633261,55,trace
d1212,D1212,3.06730,45.907325,6.633283,55,trace
d1212,D1212,3.07634,45.907235,6.633292,54,trace
d1212,D1212,3.08469,45.907146,6.633282,53,trace
d1212,D1212,3.09267,45.907057,6.633264,51,trace
d1212,D1212,3.10030,45.906969,6.633239,48,trace
d1212,D1212,3.10729,45.906883,6.633201,46,trace
d1212,D1212,3.11585,45.906793,6.633197,45,trace
d1212,D1212,3.12516,45.906705,6.633216,44,trace
d1212,D1212,3.13484,45.906618,6.633249,43,trace
d1212,D1212,3.14455,45.906532,6.633283,42,trace
d1212,D1212,3.15416,45.906444,6.633311,41,trace
d1212,D1212,3.16336,45.906355,6.633325,40,trace
d1212,D1212,3.17235,45.906265,6.633331,40,trace
d1212,D1212,3.18175,45.906177,6.633352,40,trace
d1212,D1212,3.19154,45.906091,6.633392,38,trace
d1212,D1212,3.20146,45.906008,6.633441,37,trace
d1212,D1212,3.21136,45.905925,6.633488,37,trace
d1212,D1212,3.22122,45.905840,6.633531,38,trace
d1212,D1212,3.22833,45.905757,6.633580,38,trace
d1212,D1212,3.23100,45.905675,6.633633,39,trace
d1212,D1212,3.24437,45.904518,6.633987,41,trace
d1212,D1212,3.25310,45.904507,6.634115,40,trace
d1212,D1212,3.26019,45.904499,6.634244,40,trace
d1212,D1212,3.26745,45.904488,6.634372,38,trace
d1212,D1212,3.27495,45.904475,6.634499,35,trace
d1212,D1212,3.28271,45.904458,6.634626,31,trace
d1212,D1212,3.29041,45.904441,6.634753,28,trace
d1212,D1212,3.29806,45.904426,6.634880,27,trace
d1212,D1212,3.30576,45.904409,6.635007,30,trace
d1212,D1212,3.31350,45.904393,6.635134,32,trace
d1212,D1212,3.32128,45.904375,6.635261,31,trace
d1212,D1212,3.32919,45.904356,6.635387,30,trace
d1212,D1212,3.33720,45.904335,6.635512,29,trace
d1212,D1212,3.34657,45.904291,6.635624,27,trace
d1212,D1212,3.35607,45.904243,6.635733,25,trace
d1212,D1212,3.36577,45.904190,6.635838,23,trace
d1212,D1212,3.37547,45.904138,6.635942,22,trace
d1212,D1212,3.38523,45.904082,6.636044,18,trace
d1212,D1212,3.39516,45.904020,6.636136,16,trace
d1212,D1212,3.40515,45.903953,6.636223,18,trace
d1212,D1212,3.41512,45.903888,6.636312,22,trace
d1212,D1212,3.42504,45.903827,6.636407,27,trace
d1212,D1212,3.43460,45.903778,6.636515,28,trace
d1212,D1212,3.44396,45.903733,6.636626,28,trace
d1212,D1212,3.45299,45.903696,6.636744,30,trace
d1212,D1212,3.46219,45.903655,6.636859,31,trace
d1212,D1212,3.47146,45.903613,6.636973,32,trace
d1212,D1212,3.48116,45.903560,6.637076,33,trace
d1212,D1212,3.49092,45.903505,6.637179,34,trace
d1212,D1212,3.50082,45.903445,6.637275,35,trace
d1212,D1212,3.51071,45.903386,6.637371,36,trace
d1212,D1212,3.52048,45.903330,6.637473,35,trace
d1212,D1212,3.53030,45.903274,6.637573,32,trace
d1212,D1212,3.54016,45.903213,6.637668,30,trace
d1212,D1212,3.55015,45.903141,6.637746,31,trace
d1212,D1212,4.12978,45.903059,6.637780,32,trace
d1212,D1212,5.07785,45.902969,6.637787,33,trace
d1212,D1212,5.27700,45.902880,6.637771,32,trace
d1212,D1212,5.27828,45.898518,6.638778,38,trace
d1212,D1212,5.28391,45.898428,6.638768,36,trace
d1212,D1212,5.29345,45.898339,6.638770,35,trace
d1212,D1212,5.30313,45.898254,6.638799,33,trace
d1212,D1212,5.31298,45.898175,6.638860,31,trace
d1212,D1212,5.32163,45.898114,6.638952,31,trace
d1212,D1212,5.32986,45.898060,6.639056,32,trace
d1212,D1212,5.33825,45.898004,6.639156,33,trace
d1212,D1212,5.34675,45.897946,6.639255,33,trace
d1212,D1212,5.35589,45.897879,6.639342,34,trace
d1212,D1212,5.36512,45.897812,6.639426,34,trace
d1212,D1212,5.37465,45.897739,6.639502,34,trace
d1212,D1212,5.38425,45.897665,6.639575,34,trace
d1212,D1212,5.39397,45.897589,6.639643,34,trace
d1212,D1212,5.40376,45.897511,6.639707,34,trace
d1212,D1212,5.41363,45.897431,6.639767,32,trace
d1212,D1212,5.42352,45.897351,6.639825,31,trace
d1212,D1212,5.43343,45.897270,6.639883,29,trace
d1212,D1212,5.44334,45.897190,6.639939,28,trace
d1212,D1212,5.45323,45.897110,6.639997,27,trace
d1212,D1212,5.46305,45.897031,6.640060,27,trace
d1212,D1212,5.47249,45.896960,6.640138,26,trace
d1212,D1212,5.48176,45.896891,6.640221,24,trace
d1212,D1212,5.49086,45.896825,6.640309,22,trace
d1212,D1212,5.49973,45.896763,6.640402,27,trace
d1212,D1212,5.50873,45.896698,6.640492,32,trace
d1212,D1212,5.51779,45.896633,6.640580,36,trace
d1212,D1212,5.52736,45.896559,6.640651,38,trace
d1212,D1212,5.53730,45.896476,6.640702,40,trace
d1212,D1212,5.54730,45.896391,6.640741,41,trace
d1212,D1212,5.55729,45.896305,6.640777,39,trace
d1212,D1212,5.56729,45.896219,6.640815,38,trace
d1212,D1212,5.57728,45.896134,6.640858,35,trace
d1212,D1212,5.58726,45.896051,6.640907,31,trace
d1212,D1212,5.59723,45.895968,6.640958,30,trace
d1212,D1212,5.60719,45.895886,6.641009,33,trace
d1212,D1212,5.61679,45.895811,6.641080,35,trace
d1212,D1212,5.62577,45.895747,6.641169,36,trace
d1212,D1212,5.63500,45.895679,6.641253,34,trace
d1212,D1212,5.64447,45.895607,6.641330,31,trace
d1212,D1212,5.65398,45.895535,6.641407,17,trace
d1212,D1212,5.66336,45.895465,6.641487,16,trace
d1212,D1212,5.67270,45.895395,6.641569,26,trace
d1212,D1212,5.68212,45.895324,6.641647,34,trace
d1212,D1212,5.69207,45.895242,6.641701,36,trace
d1212,D1212,5.70201,45.895160,6.641754,38,trace
d1212,D1212,5.71197,45.895078,6.641806,42,trace
d1212,D1212,5.72174,45.894989,6.641820,45,trace
d1212,D1212,5.73164,45.894901,6.641846,48,trace
d1212,D1212,5.74160,45.894816,6.641885,50,trace
d1212,D1212,5.75152,45.894735,6.641941,50,trace
d1212,D1212,5.76113,45.894661,6.642014,51,trace
d1212,D1212,5.77085,45.894584,6.642080,51,trace
d1212,D1212,5.78072,45.894505,6.642140,52,trace
d1212,D1212,5.79018,45.894433,6.642218,54,trace
d1212,D1212,5.79990,45.894355,6.642278,55,trace
d1212,D1212,5.80990,45.894270,6.642319,55,trace
d1212,D1212,5.81988,45.894186,6.642367,56,trace
d1212,D1212,5.82986,45.894103,6.642416,56,trace
d1212,D1212,5.83984,45.894020,6.642464,57,trace
d1212,D1212,5.84973,45.893940,6.642522,57,trace
d1212,D1212,5.85961,45.893859,6.642578,57,trace
d1212,D1212,5.86961,45.893773,6.642615,55,trace
d1212,D1212,5.87959,45.893689,6.642661,55,trace
d1212,D1212,5.88955,45.893607,6.642712,54,trace
d1212,D1212,5.89953,45.893524,6.642761,55,trace
d1212,D1212,5.90946,45.893442,6.642815,55,trace
d1212,D1212,5.91936,45.893361,6.642869,55,trace
d1212,D1212,5.92904,45.893271,6.642878,57,trace
d1212,D1212,5.93878,45.893182,6.642889,58,trace
d1212,D1212,5.94859,45.893093,6.642905,58,trace
d1212,D1212,5.95845,45.893004,6.642925,58,trace
d1212,D1212,5.96835,45.892917,6.642952,58,trace
d1212,D1212,5.97834,45.892833,6.643001,58,trace
d1212,D1212,5.98832,45.892748,6.643042,58,trace
d1212,D1212,5.99832,45.892662,6.643078,59,trace
d1212,D1212,6.00832,45.892576,6.643114,59,trace
d1212,D1212,6.01831,45.892489,6.643149,59,trace
d1212,D1212,6.02830,45.892403,6.643185,60,trace
d1212,D1212,6.03829,45.892316,6.643218,60,trace
d1212,D1212,6.04827,45.892229,6.643250,60,trace
d1212,D1212,6.05804,45.892140,6.643264,60,trace
d1212,D1212,6.06788,45.892051,6.643283,60,trace
d1212,D1212,6.07787,45.891965,6.643317,61,trace
d1212,D1212,6.08776,45.891877,6.643341,61,trace
d1212,D1212,6.09759,45.891788,6.643359,62,trace
d1212,D1212,6.10744,45.891699,6.643377,62,trace
d1212,D1212,6.11728,45.891610,6.643395,62,trace
d1212,D1212,6.12713,45.891521,6.643413,62,trace
d1212,D1212,6.13697,45.891432,6.643431,62,trace
d1212,D1212,6.14679,45.891343,6.643448,62,trace
d1212,D1212,6.15644,45.891253,6.643455,62,trace
d1212,D1212,6.16600,45.891163,6.643458,62,trace
d1212,D1212,6.17586,45.891075,6.643477,61,trace
d1212,D1212,6.19644,45.890986,6.643497,61,trace
d1212,D1212,6.25010,45.890897,6.643519,60,trace
d1212,D1212,6.27842,45.890809,6.643543,60,trace
d1212,D1212,6.28745,45.890721,6.643569,59,trace
d1212,D1212,6.29636,45.890634,6.643598,58,trace
d1212,D1212,6.30524,45.890546,6.643627,56,trace
d1212,D1212,6.31408,45.890459,6.643658,54,trace
d1212,D1212,6.32281,45.890372,6.643692,52,trace
d1212,D1212,6.33147,45.890286,6.643727,50,trace
d1212,D1212,6.34008,45.890200,6.643764,46,trace
d1212,D1212,6.34879,45.890113,6.643798,44,trace
d1212,D1212,6.35689,45.890030,6.643845,42,trace
d1212,D1212,6.36534,45.889945,6.643885,38,trace
d1212,D1212,6.37433,45.889857,6.643911,33,trace
d1212,D1212,6.38342,45.889768,6.643935,29,trace
d1212,D1212,6.39319,45.889684,6.643901,26,trace
d1212,D1212,6.40268,45.889608,6.643834,24,trace
d1212,D1212,6.41195,45.889524,6.643823,24,trace
d1212,D1212,6.42061,45.889446,6.643806,26,trace
d1212,D1212,6.42780,45.889399,6.643696,30,trace
d1212,D1212,6.43177,45.889384,6.643573,31,trace
d1212,D1212,6.43450,45.889381,6.643444,32,trace
d1212,D1212,6.43475,45.889401,6.643318,31,trace
d1212,D1212,6.43492,45.889439,6.643211,31,trace
d1212,D1212,7.10100,45.883371,6.642510,,pr
d1212,D1212,8.18300,45.875335,6.634668,,pr
d1212,D1212,9.07500,45.868680,6.628246,,pr
d1212,D1212,10.06500,45.860718,6.622551,,pr
d1212,D1212,11.03700,45.857583,6.610858,,pr
d1212,D1212,11.73700,45.852912,6.604800,,pr
d1212,D1212,12.57300,45.848133,6.596490,,pr
d1212,D1212,13.49300,45.842560,6.587735,,pr
d1212,D1212,14.51300,45.838973,6.575627,,pr
d1212,D1212,15.48700,45.834864,6.564537,,pr
d1212,D1212,16.44800,45.831636,6.553052,,pr
